SMILES,P(Act)
CN1CCc2cc(Cl)c(O)cc2[C@@H](c2ccccc2)C1,4.291194492
CCN(c1nc(N)c(C(=O)NC(=N)N)nc1Cl)C(C)C,4.499999679
C[C@H](O)C(=O)C1=Nc2c([nH]c(N)nc2=O)NC1,4.499999679
c1cc(CN2CCCCC2)cc(OCCCNc2nc3ccccc3s2)c1,4.499999679
COc1ccc(/C=C/C(=O)Nc2ccccc2C(=O)O)cc1OC,4.536212986
N[C@H](C(=O)O)[C@H](Cc1ccccc1)C(=O)O,4.536212986
CC(C)c1cc(F)cc2c1C[C@](CCN(C)CCCc1nc3ccccc3[nH]1)(OC(=O)C1CC1)CC2,4.650000221
O=C(O)c1ccc2ccccc2c1O.OCc1cc(C(O)CNCCCCCCOCCCCc2ccccc2)ccc1O,4.650000221
CCN(CC)[C@@H]1[C@@H]2[C@@H](CN(Cc3ccccc3)[C@H]2c2ccccc2)[C@H]1CO,4.657577319
O=C1Nc2ccc(I)cc2/C1=C/c1cc(Br)c(O)c(Br)c1,4.693196604
COc1ccccc1N1CCN(CCCn2cc(CCCCN3CCc4cc(O)c(O)cc4C(c4cccc(C)c4)C3)nn2)CC1,4.784573952
C[C@@H](NCCc1ccc(O)cc1)[C@@H](O)c1ccc(O)cc1,4.800000875
COCCCC/C(=N\OCCN)c1ccc(C(F)(F)F)cc1,4.849999245
CNCCC(Oc1ccccc1C)c1ccccc1,4.86338617
CCN(CC)CCOC(=O)C1(C2CCCCC2)CCCCC1,4.897127419
CCc1cccc(N(C)C(=N)Nc2cccc3ccccc23)c1,4.899998417
CN1CCCC1CCOC(C)(c1ccccc1)c1ccc(Cl)cc1,4.899998417
CCCCCN(CCCCC)C(=O)C(CCC(=O)O)NC(=O)c1ccc(Cl)c(Cl)c1,4.934202508
CCOC(=O)N1CCN([N+]([O-])=NOc2ccc([N+](=O)[O-])cc2[N+](=O)[O-])CC1,4.949999402
NC[C@H](O)c1ccc(O)c(O)c1,4.959114551
COc1cc2nc(N3CCN(C(=O)C4COc5ccccc5O4)CC3)nc(N)c2cc1OC,4.965503897
COc1ccc(NC(=O)c2ccc(-c3ccc(-c4noc(C)n4)cc3C)cc2)cc1N1CCN(C)CC1,4.968411122
CCCCCCNC[C@H]1CCc2ccc(O)cc2O1,4.971199258
Nc1ncnc2c1ncn2[C@@H]1O[C@@H]2COP(=O)(O)O[C@H]2[C@H]1O,4.993129803
Cc1ccc(S(=O)(=O)N[C@@H](Cc2ccccc2)C(=O)CCl)cc1,5.0
Fc1cccc(/C=N/N=C/c2cccc(F)c2)c1,5.008368624
CC(=O)CCCCn1c(=O)c2c(ncn2C)n(C)c1=O,5.036212173
CCCN1CCC[C@@H]2Cc3nc(N)ncc3C[C@H]21,5.036212173
Nc1ncnc2c1nc(Sc1ccc(Cl)cc1)n2[C@H]1OC2COP(=O)(O)O[C@@H]2C1O,5.036212173
CCCCCCCCCCCCCCCCCC(=O)NCC(COP(=O)([O-])OCC[N+](C)(C)C)OCC,5.050634393
CCc1ccccc1OC[C@@H](O)CN[C@H]1CCc2ccccc2C1,5.075772419
COc1ccc(OC)c(C(O)C(C)N)c1,5.08621263
CCc1c(C)[nH]c2c1C(=O)C(CN1CCOCC1)CC2,5.091919975
CCCCCCCCCCCCCCCC(=O)OC(CC(=O)[O-])C[N+](C)(C)C,5.146141644
N=C(NC(=O)c1nc(Cl)c(N)nc1N)Nc1ccccc1,5.147971615
Clc1ccccc1C(c1ccccc1)(c1ccccc1)n1ccnc1,5.169892722
Cc1ccccc1/C=C/C1=NCCN1,5.173627127
NCC(O)c1ccc(O)c(O)c1,5.178394775
CC(C)(C)c1ccc(C(O)CCCN2CCC(C(O)(c3ccccc3)c3ccccc3)CC2)cc1,5.192745798
CC/C(=C(/CC)c1ccc(O)cc1)c1ccc(O)cc1,5.234890503
COc1ccc(C(=O)NCc2cccnc2)cc1C(=O)NCc1cccnc1,5.236235184
OC(CN1CCN(c2cccc(Cl)c2)CC1)C(c1ccccc1)c1ccccc1,5.236235184
NC1=NCC2c3ccccc3Cc3ccccc3N12,5.236599463
CC(N)C1CCC(C(=O)Nc2ccncc2)CC1,5.286215547
CC(C)(C)c1ccc(S(=O)(=O)/C=C/C#N)cc1,5.293158517
CCCN(CCC)C1CCc2ccc(O)cc2C1,5.294743699
O=C(NCCCCN1CCN(c2cccc(Cl)c2Cl)CC1)c1cc2ccccc2s1,5.301247197
CCCOc1ccccc1N1CCN(CC(O)CCNC(=O)c2cc3ccccc3[nH]2)CC1,5.304518324
NCCCNCCCCNCCCN,5.336214297
CCCCn1cc(CCCOc2ccc(C(=O)NCCCCN(CCC)CCc3ccc(O)c4[nH]c(=O)ccc34)cc2OC)nn1,5.337242168
CC(CN1c2ccccc2Sc2ccccc21)N(C)C,5.36200772
O=c1c(O)c(-c2ccc(O)c(O)c2)oc2cc(O)cc(O)c12,5.367745223
CCCN1CCc2cccc3c2C1Cc1cccc(OC(=O)NCc2ccccc2)c1-3,5.37675071
CN1CCc2cc(SC[C@H](N)C(=O)O)cc3c2[C@H]1Cc1ccc(O)c(O)c1-3,5.37675071
COc1cc2c(c(OC)c1)CN1CCc3cc(OC)c(OC)c(OC)c3[C@@H]1C2,5.401238301
Oc1ccc2c(c1)O[C@@H](CNCCN1CCN(c3ccc(I)cc3)CC1)CC2,5.406135444
C#CC1=CC[C@H](N(CCC)CCCCNC(=O)c2ccc(OCCCc3cn(CCCC)nn3)c(OC)c2)CO1,5.408935393
CCCN1C[C@@H](Cn2ccc(-c3ccccc3)n2)O[C@@H]2Cc3c(O)cccc3C[C@H]21,5.408935393
COc1c(OCCF)cccc1[C@H](O)C1CCN(CCc2ccc(F)cc2)CC1,5.417028071
Nc1nc2ccc(Cl)cc2c2nc(-c3ccco3)nn12,5.419696704
CN(C)CCCN1c2ccccc2Sc2ccccc21,5.422992935
CC1CCN=C(N)S1,5.436234225
O=C1CC2(CCCC2)CC(=O)N1CCCCNCC1COc2ccccc2C1,5.480000159
CN1CC[C@@]2(C)c3cc(O)ccc3N(C)C12,5.486236545
O=C(N[C@@H](Cc1ccccc1)C(=O)CCl)OCc1ccccc1,5.486362962
FC1(F)Oc2cccc(CN3CCN(C4=Nc5cc(Cl)ccc5Nc5ccccc54)CC3)c2O1,5.507798549
Cc1ccccc1CC1c2ccc(O)cc2CCN1C,5.520136887
COc1ccc(CCN2CCC(Nc3nc4ccccc4n3Cc3ccc(F)cc3)CC2)cc1,5.521794364
O[C@]1(c2ccc(Cl)cc2)C[C@@H]2CC[C@H](C1)N2Cc1csc2ccccc12,5.522878745
COc1ccccc1CCN1C2C3C4CC5C6C4C2C6C1(O)C53,5.525929497
O=C1CCCN1CC#CCN1CCCC1,5.53624135
COc1cc(CCNC[C@@H](O)c2ccc(O)c(O)c2)ccc1OCCCc1ccccc1,5.537602002
c1ccc2c(N3CCNCC3)cccc2c1,5.538476463
COc1cc(CCNCCc2ccc(O)c3[nH]c(=O)ccc23)ccc1OCCCc1ccccc1,5.552841969
Oc1ccc2c(c1O)CC(C1CCCCC1)O[C@H]2CNCc1ccccc1,5.563837353
CCCN1CCc2cccc3c2C1Cc1cccc(OCc2cn(CCCCN4CCN(c5ccccc5OC)CC4)nn2)c1-3,5.568636236
Clc1ccc2c(c1)C(N1CCNCC1)=Nc1ccccc1O2,5.577387182
O=C1NC(=O)C(c2ccccc2[N+](=O)[O-])=C1Nc1ccc(O)c(Cl)c1,5.583417735
CCCN(CCNC(=O)N=Nc1cc(F)c(F)c(F)c1)C1Cc2ccccc2C1,5.585026652
CNCCCC12CCC(c3ccccc31)c1ccccc12,5.595143486
Cc1nc2ccccn2c(=O)c1CCN1CCC(C(=O)c2ccc(F)cc2)CC1,5.597979481
CC1(C)C(=O)N(CCN2CCC(C(=O)c3ccc(F)cc3)CC2)c2ccccc21,5.603443248
O/N=C/c1cnn2ccc(OCCCCN3CCN(c4cccc(Cl)c4Cl)CC3)cc12,5.604673607
CCCN1CCc2cccc3c2[C@H]1Cc1cccc(OC(=O)NCc2ccccc2)c1-3,5.619788758
O=C1c2ccccc2CCCN1CCCN1CCN(c2cccc(Cl)c2Cl)CC1,5.620000528
Cc1ccc2c(c1)C(N1CCN(C)CC1)=Nc1cccnc1N2,5.626527089
CN(C)c1ccc(C(=C2C=CC(=[N+](C)C)C=C2)c2ccc(N(C)C)cc2)cc1,5.633296943
C=CCN1C[C@@H](C)N([C@H](c2ccc(C(=O)N(CC)CC)cc2)c2cccc(OC)c2)C[C@@H]1C,5.636237641
CCN(CC)C(=S)SSC(=S)N(CC)CC,5.664134408
O=C1C2C=CC=CC2=NC(=S)N1CCN1CCC(=C(c2ccc(F)cc2)c2ccc(F)cc2)CC1,5.665506038
CN1CCc2c(Cl)c(O)c(O)c(Cl)c2C(c2ccccc2)C1,5.677780705
CNCC(O)c1ccc(O)c(O)c1,5.688740739
CCCN1CCc2cccc3c2C1Cc1cccc(OCc2cn(CCCN4CCN(c5cccc(Cl)c5Cl)CC4)nn2)c1-3,5.697452628
CCN(CC)CCOc1ccccc1Cc1ccccc1,5.707965564
COc1c(OCCF)cccc1C(=O)C1CCN(CCc2ccc(C)cc2)CC1,5.714442691
O=C1Nc2ccc(F)cc2C1CCCCN1CCN(c2ccccc2)CC1,5.721246399
CCSC(=N)N,5.736221951
COc1ccc2c(c1)CCN(C)Cc1ccccc1CC2,5.762707662
COc1cc(N)c(Cl)cc1C(=O)NC1CCN(CCCOc2ccc(F)cc2)CC1OC,5.769551079
COc1ccc(CCN(CCCc2ccccc2)CCc2ccc3c(c2)OCO3)cc1OC,5.774174009
Ic1ccc(N2CCN(Cc3c[nH]c4ncccc34)CC2)cc1,5.786243248
NC(CCCP(=O)(O)O)C(=O)O,5.786243248
CN1CCc2cccc(Cl)c2CC1,5.819864563
Oc1cc2c(cc1Cl)CCN=C(C1CC1)N2,5.823908741
CCCCCCCC/C=C\CCCCCCCC(=O)NCc1ccc(O)c(OC)c1,5.836242476
O=C(O)C1=CCCNC1,5.836242476
O=S1(=O)N(CCN2CC=C(c3c[nH]c4cc(F)ccc34)CC2)c2cccc3c2N1CCC3,5.840132153
CCCN1CCc2cccc3c2[C@H]1Cc1cccc(OCCCCN2CCN(c4ccccc4OC)CC2)c1-3,5.883724412
CCCN(CCCCNC(=O)/C=C/c1ccc(F)cc1)C1Cc2ccccc2C1,5.886056648
N#Cc1ccc(CCOC(=O)N2CCN(CCCC(c3ccc(F)cc3)c3ccc(F)cc3)CC2)cc1,5.950781977
O=C1c2ccccc2CC1CCN1CCN(c2ccc(Cl)cc2)CC1,5.98087332
Cc1ccccc1-c1cc2c(=O)n(CCN3CCN(c4ccccc4Cl)CC3)c(=O)[nH]c2[nH]1,5.982966661
COc1cc(CNC(=O)CCCCCCC(C)C)ccc1O,5.986236145
NNC(=O)c1ccc(O)cc1,5.986236145
O=c1ccc2ccc(O)c(O)c2o1,5.986236145
COc1ccccc1N1CCN(CCCCCN2CCc3ccccc3C2=O)CC1,6.009998765
N#Cc1cnn2ccc(OCCCCN3CCN(c4cccc(Cl)c4Cl)CC3)cc12,6.031517051
CN1CCN(C2=Nc3cc(Cl)ccc3Nc3ccccc32)CC1,6.048831261
COc1cc(CCNCCc2ccc(O)c(O)c2)ccc1OCCCc1ccccc1,6.065501549
CN(C)CCCN1c2ccccc2Sc2ccc(C(F)(F)F)cc21,6.078365539
N#CC(C#N)=C/C(N)=C(/C#N)c1cc(O)c(O)c(O)c1,6.086239114
COc1ccccc1N1CCN(CCc2ccc3[nH]nnc3c2)CC1,6.090000276
NC[C@@H]1O[C@H](c2ccccc2)Cc2c1ccc(O)c2O,6.099975951
C[N+](C)(C)CC#CCN1CCCC1=O,6.100015437
COc1ccccc1N1CCN(CCCCNC(=O)c2cc3c4ccc(c3o2)CCc2ccc(cc2)CC4)CC1,6.107905397
c1ccc2c(c1)CCN(CC1CC1)CCc1c([nH]c3ccccc13)C2,6.115204636
CN1CCc2cc(-c3ccc(O)cc3)cc3c2[C@H]1Cc1ccc(O)c(O)c1-3,6.122053048
COc1ccccc1N1CCN(CCCCNC(=O)c2cc3ccccc3s2)CC1,6.133712661
COc1cc2c(cc1O)[C@@H]1Cc3sc(CCCCCl)cc3CN1CC2,6.143428185
COc1cnc(Oc2ccc(-c3c(C)n[nH]c(=O)c3C)cc2)c2c[nH]nc12,6.158015195
Cc1cncc2c1CN[C@@H]1CCc3cc(O)c(O)cc3[C@@H]21,6.177178355
COc1ccccc1N1CCN(CCCn2cc(CCCN3CCc4cc(O)c(O)cc4C(c4cccc(C)c4)C3)nn2)CC1,6.1837587
O=C1CCc2ccc(OCCCCN3CCN(c4cccc(Cl)c4Cl)CC3)cc2N1,6.1837587
CCC(=O)c1ccc2c(c1)N(CCCN(C)C)c1ccccc1S2,6.186352305
Cc1cc(Oc2ncccc2N2CC(F)C2)ccc1-c1c(C)c(=O)[nH]c(=O)n1C,6.187086643
COc1cc2c(cc1O)[C@@H]1Cc3sc(CC(C)(C)C)cc3CN1CC2,6.198054617
CCCN1Cc2ccccc2C2c3cc(O)c(O)cc3OCC21,6.226213555
Fc1ccc(CCCCN2CCN(c3ccc(Cl)cc3)CC2)cc1,6.229884705
Clc1ccc2c(c1)N=C(N1CCN(Cc3ccc4c(c3)OCCO4)CC1)c1ccccc1N2,6.234331445
CC[C@@H](CO)NC(=O)[C@@H]1C=C2c3cccc4c3c(cn4C)C[C@H]2N(C)C1,6.235764072
NCC(CC(=O)O)c1ccc(Cl)cc1,6.236272596
Oc1cc(O)cc(/C=C/c2ccc(O)c(O)c2)c1,6.236272596
COc1cc2c(cc1OC)Cc1ccccc1CCCN(C)CC2,6.237321436
Cc1nc2n(c(=O)c1CCN1CCC(c3noc4cc(F)ccc34)CC1)CCCC2O,6.241921178
O=C(NCCCCN1CCN(c2cccc(F)c2F)CC1)c1cc2ccc1CCc1ccc(cc1)CC2,6.244125144
CN1CCc2ccccc2Cc2ccn(C)c2CC1,6.275314612
C=CC1(C)CC(=O)C2(O)C(C)(O1)C(OC(C)=O)C(O)C1C(C)(C)CCC(O)C12C,6.286173576
C[C@H]1C2Cc3ccc(O)cc3[C@]1(C)CCN2CC1CC1,6.286257522
CN(C)CCC=C1c2ccccc2COc2ccccc21,6.287350298
COc1cc2c(cc1OC)Cc1ccccc1CCN(C)CC2,6.293282218
NC[C@@H]1OCCc2c1ccc(O)c2O,6.30980392
Cc1cc(Oc2ncccc2F)ccc1-c1c(C)c(=O)[nH]c(=O)n1C,6.310691141
Cc1ccc(CN2CCN(C3=Nc4cc(Cl)ccc4Nc4ccccc43)CC2)c(C)c1,6.316952962
CC(=O)[C@H]1CC[C@H]2[C@@H]3CC[C@H]4C[C@](C)(O)CC[C@]4(C)[C@H]3CC[C@]12C,6.336204878
S=c1[nH]c2ccc(OCCN3CCN(c4ccccc4Cl)CC3)cc2[nH]1,6.350665141
Oc1cc2c(cc1Cl)CCN=C(SCc1ccccc1)N2,6.351639989
COc1cccc(N2CCN(CCCCN3CCc4ccccc4C3=O)CC2)c1,6.36999951
CN1CCN(CCCN2c3ccccc3Sc3ccc(Cl)cc32)CC1,6.386792648
Cc1cc2c(cc1O)[C@H]1C[C@](O)(c3ccc(Cl)cc3)CCN1CC2,6.400171491
Oc1cc2c(cc1Cl)CCN=C(NC1CCCC1)N2,6.407823243
CNc1ccc2oc(C[C@H]3O[C@@]4(CC[C@H]3C)O[C@H]([C@H](C)C(=O)c3ccc[nH]3)[C@H](C)C[C@H]4C)nc2c1C(=O)O,6.424292699
CN(C)c1ccc(/C=C/C2=NCCc3cc(Cl)c(O)cc3N2C2CCCCC2)cc1,6.431798276
C=CCN1CCc2cccc3c2[C@H]1Cc1ccc(O)c(O)c1-3,6.440691989
Cc1cc(Oc2ncc(Cl)c(C)c2Cl)ccc1-c1c(C)cnc(=O)n1C,6.450996738
Clc1ccc2c(c1)C1(CN3CCC(Nc4ncccn4)CC3)CC2c2ccccc21,6.454692884
c1ccc2c(c1)C1CC2(CNCCCN2CCOCC2)c2ccccc21,6.457174573
CCCN1CCc2cc(O)cc3c2[C@H]1Cc1ccc(O)c(O)c1-3,6.458358362
OC1(c2ccc(Cl)cc2)CC2CCC(C1)N2CCCSc1ccc(F)cc1,6.459670525
Cc1ccnc(Oc2ccc(-c3c(C)n[nH]c(=O)c3C)cc2)c1,6.462180905
Cc1cc(Oc2ncccc2C(F)(F)F)ccc1-c1c(C)cnc(=O)n1C,6.472370099
CCCCc1cc2c(s1)C[C@H]1c3cc(O)c(OC)cc3CCN1C2,6.480047378
CC1=NCCc2cc(Cl)c(O)cc2N1c1ccccc1C,6.493494968
COc1ccc(C2CC2C2=NCCc3cc(Cl)c(O)cc3N2)cc1,6.507239611
O=C(NN1c2ccc(Cl)cc2N=C(N2CCN(CC3CCCCC3)CC2)c2ccccc21)c1ccccc1Cl,6.53165267
CN1CCc2cccc3c2C1Cc1ccc(O)c(O)c1-3,6.532786663
Cc1cc(Oc2ncccc2C2COC2)ccc1-c1c(C)n[nH]c(=O)c1C,6.540607512
Clc1ccc(N2CCCN(CCCc3cc4ccccc4o3)CC2)cc1,6.562249437
CCCN(CCc1ccc(C)cc1)[C@H]1CCc2c(O)cccc2C1,6.568636236
COc1ccc(CC2Cc3c(ccc(O)c3O)[C@H](CN)O2)cc1,6.625251654
CC[C@H]1Cc2c(ccc(O)c2O)[C@H](CN)O1,6.634512015
COc1cc2c(cc1OC)[C@@H]1Cc3ccc(OC)c(OC)c3CN1CC2,6.63638802
Cc1cc(Oc2ncc(Cl)c(C)c2Cl)ccc1-c1c(C)ncc(=O)n1C,6.643974143
Cc1cc(Oc2ncccc2OC2CC2)ccc1-c1c(C)c(=O)[nH]c(=O)n1C,6.649751982
Cc1cccc(-c2cc3c(cc2O)C(c2ccccc2)CN(C)CC3)c1,6.665546249
COc1ccccc1OCCNCCc1ccc(O)c(O)c1,6.677780705
O=Cc1cnn2ccc(-n3cc(CCCN4CCN(c5cccc(Cl)c5Cl)CC4)nn3)cc12,6.677780705
CN1CCc2ccc(O)cc2C(c2ccccc2)C1,6.684029655
CCN1C[C@@]2(COC)C3[C@@H](OC)C4[C@@H]1C3([C@H](OC)C[C@H]2O)[C@@H]1C[C@]2(O)[C@@H](OC)[C@H](O)[C@@]4(OC(C)=O)[C@H]1[C@H]2OC(=O)c1ccccc1,6.686343653
COc1cc2c(cc1O)CCN1Cc3c(ccc(O)c3OC)C[C@@H]21,6.698970004
CSc1ccc2c(c1)C(N1CCN(C)CC1)Cc1ccccc1S2,6.70092874
Oc1cc2c(c(-c3ccc(Cl)cc3)c1O)CCNCC2c1ccccc1,6.721246399
CN(C)c1nc2c(Br)c(Br)c(Br)c(Br)c2[nH]1,6.736127323
O=Cc1cc2cc(OCCCCN3CCN(c4cccc(Cl)c4Cl)CC3)ccn2n1,6.744727495
CN1CCN(C2=Nc3cc(Cl)ccc3N(C(=O)Nc3cc(Cl)cc(Cl)c3)c3ccccc32)CC1,6.756961951
CN1CCN(C2=Nc3cc(Cl)ccc3N(NC(=O)c3cccc(C(F)(F)F)c3)c3ccccc32)CC1,6.829738285
COc1cc2c(c(OC)c1)CN1CCc3cc(OC)c(OC)cc3[C@@H]1C2,6.830604803
CN1CCc2cc(SC[C@@H](N)C(=O)O)cc3c2[C@H]1Cc1ccc(O)c(O)c1-3,6.850780887
COc1cc2c(cc1O)[C@H]1Cc3ccc(O)c(OC)c3CN1CC2,6.869666232
O=C1CC(CN2CCC(c3noc4cc(F)ccc34)CC2)Cc2ncncc21,6.86998805
Fc1ccc(CCCCN2CCN(c3ncccn3)CC2)cc1,6.872895202
c1cnc(NCCCNCC23CC(c4ccccc42)c2ccccc23)nc1,6.879426069
CCCN(CCc1ccc(Nc2ccc([N+](=O)[O-])c3nonc23)cc1)[C@H]1CCc2c(O)cccc2C1,6.886056648
CN(C)c1nc(N(C)C)nc(N(C)C)n1,6.886390849
Fc1ccc(OCCCN2CCC(c3ccc(Cl)cc3)CC2)cc1,6.899629455
CCN1CCc2cc(-c3ccc(O)cc3)cc3c2[C@H]1Cc1ccc(O)c(O)c1-3,6.906578315
Oc1ccc2c(c1O)CC(C1CCCCC1)O[C@H]2CNC1CC1,6.906578315
Cc1cc(Oc2nccc3n[nH]cc23)ccc1-c1cn[nH]c(=O)c1C,6.910094889
CCN1CCO[C@@H]2Cc3c(O)cccc3C[C@H]21,6.920818754
Clc1cccc(N2CCN(CCc3cn(-c4ccn5nccc5c4)nn3)CC2)c1Cl,6.920818754
Oc1cc2c(cc1O)[C@@H](c1ccccc1)CNCC2,6.930432804
C=CCN1CCc2c(cc(O)c(O)c2Br)[C@@H](c2ccccc2)C1,6.937104785
c1ccc(Cc2ccccc2OCCCN2CCCC2)cc1,6.946921557
CN1CCN(C2=Nc3cc(Cl)ccc3N(NC(=O)CCC3CCCC3)c3ccccc32)CC1,6.954677021
Clc1cccc(N2CCN(CCCCc3cn(-c4ccn5nccc5c4)nn3)CC2)c1Cl,6.958607315
Cc1c(-c2ccc(Oc3ncccc3OC(F)F)cc2)n(C)c(=O)[nH]c1=O,6.962573502
Cc1cc(Oc2ncccc2OC(F)(F)F)ccc1-c1c(C)n[nH]c(=O)c1C,7.022733788
CCCN1CCc2cc(-c3ccc(O)cc3)cc3c2[C@H]1Cc1ccc(O)c(O)c1-3,7.026872146
CCN1CCc2ccccc2Cc2[nH]c3ccccc3c2CC1,7.030584088
CCCN1C[C@H](Cn2cccn2)O[C@@H]2Cc3c(O)cccc3C[C@H]21,7.050609993
NC[C@@H]1OC(COCc2ccccc2)Cc2c1ccc(O)c2O,7.050609993
Cc1cc(Oc2ncc(Cl)cc2Cl)ccc1-c1c(C)c(=O)[nH]c(=O)n1C,7.051098239
CN1CCc2cc(-c3ccccc3)cc3c2[C@H]1Cc1ccc(O)c(O)c1-3,7.055517328
CN1Cc2cc(Cl)c(O)cc2[C@H](c2ccccc2)C1,7.059981845
COc1cccc(C(=O)NN2c3ccccc3N=C(N3CCN(C)CC3)c3cc(Cl)ccc32)c1,7.065501549
CN1CCN(C2=Nc3cc(Cl)ccc3N(NC(=O)c3cccnc3)c3ccccc32)CC1,7.070581074
Cc1cc(Oc2ncccc2O)ccc1-c1c(C)c(=O)[nH]c(=O)n1C,7.08249449
CCCN1C[C@H](Cn2cc(Cl)cn2)O[C@@H]2Cc3c(O)cccc3C[C@H]21,7.13076828
Cc1ncnc(C)c1-c1ccc(Oc2nccc3n[nH]cc23)cc1F,7.140861703
Cc1ncnc(C#N)c1-c1ccc(Oc2nccc3n[nH]cc23)cc1F,7.15739076
Cc1cc(Oc2nccc3[nH]ccc23)ccc1-c1cc(=O)[nH]nc1C,7.168130226
NC(Cc1cccc(-c2ccccc2CP(=O)(O)O)c1)C(=O)O,7.186419011
CN1CCN(C2=Nc3ccccc3N(NC(=O)c3ccc(C#N)cc3)c3ccc(Cl)cc32)CC1,7.193820026
Cc1cc(Oc2ncccc2OC(F)(F)F)ccc1-c1c(C)c(=O)[nH]c(=O)n1C,7.199970641
CN(C)c1ccc(/C=C2\C(=O)Nc3ccccc32)cc1,7.236572006
CCc1cccnc1Oc1ccc(-c2c(C)c(=O)[nH]c(=O)n2C)c(C)c1,7.278189385
CN1CCN(C2=Nc3cc(Cl)ccc3N(NC(=O)c3ccc(F)cc3C(F)(F)F)c3ccccc32)CC1,7.30980392
COc1ccc2c(c1)C[C@H]1c3cc(O)c(OC)cc3CCN1C2,7.329506756
Cc1ncnc(C)c1-c1ccc(Oc2nccc3[nH]ccc23)cc1,7.353596274
Cc1cccc(-c2c(O)c(O)cc3c2CCNCC3c2ccccc2)c1,7.408935393
Cc1c(-c2ccc(Oc3ncccc3C3CC3)cc2)n(C)c(=O)[nH]c1=O,7.416801226
C#CCN(C)C[C@@H]1OC(C2CCCCC2)Cc2c1ccc(O)c2O,7.424812155
CC(C)(C)[C@]1(O)CCN2C[C@@H]3c4ccccc4CCc4cccc(c43)[C@H]2C1,7.428291168
CN1CCc2cc(O)c(O)cc2C(c2ccccc2)C1,7.428582348
CN1CCc2ccccc2Cc2c(O)cccc2CC1,7.438898616
O=C1CC(CN2CCC(c3c[nH]c4cc(F)ccc34)CC2)Cc2nc(N3CCCC3)sc21,7.439973751
Cc1cc(Sc2ncccc2Cl)ccc1-c1c(C)c(=O)[nH]c(=O)n1C,7.447331784
Cc1nc2c(o1)CC(CN1CCC(c3c[nH]c4cc(F)ccc34)CC1)CC2=O,7.470056598
c1ccc(Cc2ccccc2OCCN2CCCCC2)cc1,7.472370099
CCc1c(-c2ccc(Oc3ncccc3Cl)cc2C)n(C)c(=O)[nH]c1=O,7.480172006
Cc1cc(Oc2ncccc2C(C)C)ccc1-c1c(C)c(=O)[nH]c(=O)n1C,7.507239611
CCN1CCc2cc(-c3ccccc3)cc3c2[C@H]1Cc1ccc(O)c(O)c1-3,7.508638306
CN1CCN(C2=Nc3cc(Cl)ccc3N(NC(=O)c3cnn(-c4ccccc4)c3C(F)(F)F)c3ccccc32)CC1,7.522878745
Oc1cc2c(c(Cl)c1O)CCNC[C@@H]2c1ccccc1,7.522878745
COc1ccc2c(c1)CCCN(C)CCc1ccccc1C2,7.540758335
Oc1cc2c(c(Cl)c1O)CCNCC2c1ccccc1,7.543330371
CN1CCN(C2=Nc3cc(Cl)ccc3N(NC(=O)c3cnc4ccccc4c3)c3ccccc32)CC1,7.552841969
CN1CCc2cc(I)c(O)cc2[C@@H](c2ccc(N=[N+]=[N-])cc2)C1,7.552841969
OC1(c2ccc(Cl)cc2)CCN(CCCSc2ccc(F)cc2)CC1,7.568636236
CN1CCc2cc(Cl)c(O)cc2[C@@H]1Cc1ccccc1,7.569924944
CCc1cc2c(s1)C[C@H]1c3cc(O)c(OC)cc3CCN1C2,7.579549141
Cc1cc2n[nH]cc2c(Oc2ccc(-c3c(C)n[nH]c(=O)c3C)cc2)n1,7.607303047
NC[C@@H]1OC(COc2ccccc2)Cc2c1ccc(O)c2O,7.619788758
COc1ccnc(Oc2ccc(-c3c(C)n[nH]c(=O)c3C)c(C)c2)c1C,7.623423043
COc1ccc2c(c1)CCCN(C)CCCc1ccccc1C2,7.628932138
Cc1cccc(C2CN(C)CCc3c2cc(O)c(O)c3Cl)c1,7.632985933
COc1cc(Cc2cnc(N)nc2N)cc(OC)c1OC,7.63638802
COc1cccc2c1Cc1ccccc1CCN(C)CC2,7.645891561
O=S(=O)(NCCCCN1CCC(c2noc3cc(F)ccc23)CC1)c1cc2ccccc2s1,7.69572495
CCCCCOc1ccc2c(c1OC)CN1CCc3cc(OC)c(O)cc3C1C2,7.721246399
CN(C)C[C@@H]1CC2c3ccccc3Sc3ccc(F)cc3[C@H]2O1,7.721246399
COc1ccc2c(c1)CCN(C)CCc1c([nH]c3ccccc13)C2,7.721246399
N=C(N)c1ccc(N)cc1,7.735182177
CN(C)CC/C=C1/c2ccccc2Sc2ccc(Cl)cc21,7.744727495
Cc1ncc2nccn2c1-c1ccc(Oc2nccc3[nH]ccc23)cc1,7.798602876
COc1cc2c(cc1O)C1Cc3ccc(OC)c(OC)c3CN1CC2,7.823908741
CN1CCCc2cc(O)ccc2Cc2ccccc2CC1,7.8569852
Cc1ccc(/C(=C\CN2CCCC2)c2ccccn2)cc1,7.886056648
Cc1cc(Oc2nccc(C)c2C(F)(F)F)ccc1-c1c(C)n[nH]c(=O)c1C,7.91721463
CN1CCN(C2=Nc3cc(Cl)ccc3N(NC(=O)c3ccccc3I)c3ccc(Cl)cc32)CC1,7.920818754
CN1CCN(C2=Nc3cc(Cl)ccc3N(NC(=O)c3cccnc3Cl)c3ccccc32)CC1,7.958607315
Cc1ccnc(Oc2ccc(-c3c(C)c(=O)[nH]c(=O)n3C)cc2)c1Cl,7.962573502
COc1cc2c(cc1O)[C@@H]1Cc3ccc(O)c(OC)c3CN1CC2,7.97805307
Cc1n[nH]c(=O)c(C)c1-c1ccc(Oc2nccc3n[nH]c(C)c23)cc1,7.987162775
Cc1cc(Oc2nccc(C)c2OC(F)F)ccc1-c1c(C)c(=O)[nH]c(=O)n1C,7.995678626
Cc1cc(Oc2ncccc2Br)ccc1-c1c(C)n[nH]c(=O)c1C,8.015472687
Cc1cc(Oc2ncccc2C2CC2)ccc1-c1c(C)c(=O)[nH]c(=O)n1C,8.035976207
CCC1(c2ccccc2)C(=O)NCNC1=O,8.036212173
Cc1cccc(/C=C/c2ccccc2)n1,8.036212173
CN1CCN(C2=Nc3cc(Cl)ccc3N(NC(=O)c3ccsc3)c3ccccc32)CC1,8.045757491
CCCOc1ccc2c(c1OC)CN1CCc3cc(OC)c(O)cc3C1C2,8.107905397
Cc1cc(Oc2nccc3[nH]ccc23)ccc1-c1c(C)ncc(=O)n1C,8.120330794
CN1CCN(C2=Nc3ccccc3N(NC(=O)c3ccccc3I)c3ccc(Cl)cc32)CC1,8.15490196
CN1CCc2cc(Cl)c(O)cc2[C@H]2c3ccc(N)cc3CC[C@@H]21,8.15490196
COc1cc2c(cc1O)C1Cc3ccc(OCCCO)c(OC)c3CN1CC2,8.173925197
Cc1cc(Oc2nccc3[nH]ccc23)ccc1-c1c(C)n[nH]c(=O)c1C,8.304956341
NC1CCN(O)C1=O,8.337242168
CO/N=C/c1cccc2c1CC[C@H]1[C@H]2c2cc(O)c(Cl)cc2CCN1C,8.356547324
Oc1cc2c(cc1O)[C@H]1c3ccccc3CN[C@H]1CO2,8.366531544
CN(C)C[C@H]1CC2c3ccccc3Sc3ccc(F)cc3[C@H]2O1,8.387216143
NCCc1c[nH]c2ccc(C(N)=O)cc12,8.387216143
C=CC(N)CCC(=O)O,8.431798276
Cc1cc(Oc2nccc(C)c2Cl)ccc1-c1c(C)c(=O)[nH]c(=O)n1C,8.442492798
CN1CCN(C2=Nc3cc(Cl)ccc3N(NC(=O)c3cccc(I)c3)c3ccccc32)CC1,8.443697499
CN1CCc2ccccc2Cc2cc(Cl)c(O)c(Cl)c2CC1,8.455931956
CN1CCc2cc(Cl)c(O)cc2[C@H]2c3cccc(N4CCCC4=O)c3CC[C@@H]21,8.508638306
NC[C@@H]1OC(C2CCCCC2)Cc2c1ccc(O)c2O,8.508638306
CN1CCc2cc(Cl)c(O)cc2[C@H]2c3cccc(Br)c3CC[C@@H]21,8.522878745
CN1CCc2cc(Cl)c(O)cc2[C@H]2c3ccc(NC(=O)C4CC4)cc3CC[C@@H]21,8.638272164
COC(=O)c1cccc2c1CC[C@H]1[C@H]2c2cc(O)c(Cl)cc2CCN1C,8.638272164
CN1CCc2cc(Cl)c(O)cc2[C@H]2c3cccc(CO)c3CC[C@@H]21,8.698970004
COc1ccc2c(c1)c1c(n2C)Cc2ccccc2CCN(C)CC1,8.698970004
Cc1ccccc1C(=O)NN1c2ccc(Cl)cc2N=C(N2CCN(C)CC2)c2cc(Cl)ccc21,8.698970004
Cc1cc(Oc2nccc3n[nH]cc23)ccc1-c1c(C)c(=O)[nH]c(=O)n1C,8.73754891
Cc1ccc([C@H]2CN(C)CCc3cc(Cl)c(O)cc32)cc1,8.795880017
CN1CCc2ccccc2Cc2ccc(O)cc2CC1,8.877997224
CNC[C@@H]1OC(C2CCCCC2)Cc2c1ccc(O)c2O,8.886056648
Cc1ccccc1[C@H]1CN(C)CCc2cc(Cl)c(O)cc21,9.096910013
CN(C)c1ccc(-c2cccc3c2CC[C@H]2[C@H]3c3cc(O)c(Cl)cc3CCN2C)cc1,9.15490196
CN1CCc2cc(Cl)c(O)cc2[C@@H](c2ccc(CN(Cc3ccccc3)c3ccc(F)cc3F)cc2)C1,9.15490196
CN1CCc2cc(Cl)c(O)cc2[C@H]2c3cccc(-c4ccc(CO)cc4)c3CC[C@@H]21,9.15490196
COc1ccc(-c2cccc3c2CC[C@H]2[C@H]3c3cc(O)c(Cl)cc3CCN2C)cc1,9.15490196
CN1CCc2cc(Cl)c(O)cc2[C@@H](c2ccc(CN(C)S(=O)(=O)c3ccccc3)cc2)C1,9.22184875
CN1CCc2cc(Cl)c(O)cc2[C@@H](c2ccc(CN(C)S(C)(=O)=O)cc2)C1,9.301029996
CN1CCc2cc(Cl)c(O)cc2[C@@H](c2ccc(CN(C3CCC3)S(C)(=O)=O)cc2)C1,9.301029996
Cc1cccc([C@H]2CN(C)CCc3cc(Cl)c(O)cc32)c1,9.397940009
CN1CCc2cc(Cl)c(O)cc2[C@H]2c3cccc(-c4ccccc4)c3CC[C@@H]21,9.698970004
COc1cc(CCNC[C@@H](O)c2ccc(O)c3[nH]c(=O)ccc23)ccc1OCCCc1ccccc1,5.167491087
CCCCCCCC/C=C\CCCCCCCC(=O)NCCc1ccc(O)c(O)c1,5.579887405
COc1ccc2c(c1)CCCN(C)Cc1ccccc1C2,5.8982529260000005
COc1cc2c(cc1O)[C@@H]1Cc3sc(CC(C)C)cc3CN1CC2,5.970993857000001
CN1CCN(C2=Nc3cc(Cl)ccc3N(NC(=O)c3ccccc3Br)c3ccccc32)CC1,7.795880017000001
CN1CCN(C2=Nc3cc(Cl)ccc3N(NC(=O)c3c(Cl)cccc3Cl)c3ccccc32)CC1,8.468521082999999
COc1cc2c3c(c1)-c1c(O)cccc1C[C@H]3N(C)CC2,7.337242167999999
O=C(CCCc1ccccc1)N1CCN(CCCC(c2ccc(F)cc2)c2ccc(F)cc2)CC1,5.560667306
Cc1cc(Oc2ncc(Cl)cc2C(F)F)ccc1-c1c(C)c(=O)[nH]c(=O)n1C,6.931814137999999
CCn1ccnc1CC1COc2ccccc2O1,8.086186148
CC(C)[C@H](NC(=O)[C@H](CCC1CCCCC1)NC(=O)[C@@H]1C=C2c3cccc4[nH]cc(c34)C[C@H]2N(C)C1)C(=O)N1CCC[C@H]1C(N)=O,5.920818754
Clc1ccc(N2CCN(CCCc3cc4ccccc4o3)CC2)cc1,5.851397345
C#CCN1C(C)=C(C(=O)OC)C(c2cccc([N+](=O)[O-])c2)C(C(=O)OCC)=C1C,6.386263859
Cc1cc(N)c2ccccc2[n+]1CCCCCCCCCC[n+]1c(C)cc(N)c2ccccc21,4.899998417
Cc1cccc(C)c1C(=O)NN1c2ccc(Cl)cc2N=C(N2CCN(C)CC2)c2ccccc21,8.532638582999999
COc1cc2c(cc1O)[C@H]1C[C@@](O)(c3ccc(OC(F)(F)F)cc3)CCN1CC2,8.455931956
CC1=NCCc2cc(Cl)c(O)cc2N1Cc1ccccc1,6.031517051
Cc1ccccc1CNc1cc2c(cc1O)C(c1ccccc1)CN(C)CC2,6.534617149
CN1CCc2cc(Cl)c(O)cc2C(c2ccccc2)C1,6.697878403
CN1CCc2ccccc2Cc2sc3ccccc3c2CC1,7.397940009
C#CC1=CC[C@H](N(CCC)CCCCNC(=O)c2ccc(-c3ccccc3)cc2)CC1,4.744727495
CCCCCCC/C=C\CCCCCCCCC(=O)O,5.586230982000001
COc1cc2c3c(c1OC)-c1cc4c(cc1CC3N(C)CC2)OCO4,6.048176965
COc1cc(CCN(C)Cc2cccc(O)c2OC)ccc1O,5.507099988999999
CCCCCCCCCCC/C=C\C(C)(C)/C=C\CCCC(=O)O,5.53624135
CCC(=O)Nc1cccc2c1CC[C@H]1[C@H]2c2cc(O)c(Cl)cc2CCN1C,8.638272164
CC(C)N1CCN(c2ccc(OC[C@H]3CO[C@](Cn4cncn4)(c4ccc(Cl)cc4Cl)O3)cc2)CC1,4.718739313
CN1CCc2cc(Cl)c(O)cc2[C@H]2c3cccc(NC(=O)C4CC4)c3CC[C@@H]21,8.244125144
CC(C)CN1CCN(C2=Nc3cc(Cl)ccc3N(NC(=O)c3ccccc3Cl)c3ccccc32)CC1,7.091514981
CC(CCc1ccccc1)NC(C)C(O)c1ccc(O)cc1,4.650000221
CN1CCCc2c([nH]c3ccccc23)Cc2ccccc2CC1,6.680553859
Cc1cc(Oc2ncccc2N2CCC2)ccc1-c1c(C)c(=O)[nH]c(=O)n1C,6.609064892999999
CCCN1CCc2cccc3c2C1Cc1cccc(OCCCn2cc(CCCCN4CCN(c5ccccc5OC)CC4)nn2)c1-3,5.721246399
CCCN1CCC[C@@H]2Cc3c(O)cccc3C[C@H]21,7.080921908
CN(C)C1CCc2cc(O)c(O)cc2C1,5.3010299960000005
O=C(CCCCCN1CCN(c2ccccc2-c2ccccc2)CC1)NC1CCCc2ccccc21,5.315500237
CN1C[C@H](C(=O)N[C@]2(C)O[C@@]3(O)[C@@H]4CCCN4C(=O)[C@H](Cc4ccccc4)N3C2=O)C=C2c3cccc4[nH]cc(c34)C[C@H]21,5.887394998
Cc1cc(Oc2ncccc2Cl)ccc1-c1c(C)ncc(=O)n1C,6.419075024
Fc1ccc(OCCCN2CCN(c3ncccn3)CC2)cc1,6.586700236
CN1CCCc2ccccc2Cc2ccc(O)cc2CCC1,7.080921908
COc1ccccc1N1CCN(C/C=C/CNC(=O)c2cc3ccccc3o2)CC1,6.004364805
COc1ccc2c(n1)CN[C@@H]1CCc3cc(O)c(O)cc3[C@@H]21,7.539102157
CN1CCc2cc(Cl)c(O)cc2[C@H]2c3cccc(-c4ccc5[nH]ccc5c4)c3CC[C@@H]21,9.22184875
CNc1ncc2c(n1)CC(CN1CCC(c3noc4cc(F)ccc34)CC1)CC2=O,7.369979149
Cc1cc(Oc2nccc3n[nH]cc23)ccc1-n1c(C)nc2cnccc21,6.571865206
C[C@@H]1CN(CCCNCC23CC(c4ccccc42)c2ccccc23)C[C@@H](C)O1,7.22184875
CCCCCc1cc2c(s1)C[C@H]1c3cc(O)c(OC)cc3CCN1C2,6.875985121
Cc1cc(C)c(/C=C2\C(=O)Nc3ccccc32)[nH]1,4.800000875
C[C@@H]1Cc2c([nH]c3ccccc23)Cc2ccccc2CCN1C,6.193820026
CCCCNc1c(C(=O)OCC)c(C)nc2c1cnn2CC,4.899998417
O=[N+]([O-])c1ccc2nc(N3CCNCC3)ccc2c1,4.890133032
CN1CCc2cc(Cl)c(O)cc2[C@H]2c3cccc(-c4cccc(OC(F)(F)F)c4)c3CC[C@H]21,8.638272164
COC(=O)C1=C(C)NC(C)=C(C(=O)OCCN(C)Cc2ccccc2)C1c1cccc([N+](=O)[O-])c1,5.350908648
CN1CCc2cc(Cl)c(O)cc2[C@@H]2c3ccccc3CC[C@H]21,6.289882635
Oc1cc2c(c(-c3ccc4ccccc4c3)c1O)CCNCC2c1ccccc1,7.251811973
Clc1ccc2c(c1)N=C(N1CCNCC1)c1ccccc1N2,5.134076202
Cc1cc(Oc2nccc3[nH]ccc23)ccc1-c1c(C)ncnc1C,7.886056647999999
CN1CCN(C2=Nc3cc(Cl)ccc3N(NC(=O)/C=C/c3ccccc3)c3ccccc32)CC1,6.987162775
COc1ccccc1N1CCN(CCCc2cn(CCCN3CCc4cc(O)c(O)cc4C(c4ccccc4C)C3)nn2)CC1,4.992444241
CC(N)(Cc1ccc(O)cc1)C(=O)O,8.036212173
O[Si](CCCN1CCCCC1)(c1ccc(F)cc1)C1CCCCC1,4.949999402
CN1CCc2cc(O)c(Cl)cc2CC1,7.301029996
OC[C@H]1O[C@@H](n2cnc3c(NC4CCCCC4)ncnc32)[C@H](O)[C@@H]1O,7.236572006
Oc1cc2c(c(Br)c1O)CCNCC2c1ccccc1,7.920818754
Oc1ccc2c(c1)O[C@@H](CNCc1ccc(I)cc1)CC2,5.075764404
CCCN1CCc2cccc3c2C1Cc1cccc(OCCCN(CCCN2CCN(c4ccccc4OC)CC2)S(C)(=O)=O)c1-3,6.040958608
COc1cc(C(=O)NN2c3ccccc3N=C(N3CCN(C)CC3)c3cc(Cl)ccc32)cc(OC)c1OC,7.698970003999999
Cc1ccc2c3c1-c1c(ccc(O)c1O)C[C@H]3N(C)CC2,6.981091556
COc1c(O)ccc2c1CN1CCc3cc4c(cc3[C@@H]1C2)OCC4,8.124938737
CC(NC(C)(C)C)C(=O)c1cccc(Cl)c1,5.786243248
Nc1nnc(-c2cccc(Cl)c2Cl)c(N)n1,6.636200055
CN1CCc2ccccc2Cc2cc(O)c(Cl)cc2CC1,8.158015195
CCOC(=O)C1=C(C)NC(C)=C(C(=O)OCC)C1c1c(F)c(F)c(F)c(F)c1F,4.499999679
CCNC(=O)[C@H]1O[C@@H](n2cnc3c(N)nc(NCCc4ccc(CCC(=O)O)cc4)nc32)[C@H](O)[C@@H]1O,5.286215547
CN1CCN(C2=Nc3cc(Cl)ccc3N(NC(=O)c3cc(Cl)cc(Cl)c3)c3ccccc32)CC1,7.619788757999999
CC(C)[C@H](NC(=O)OCc1ccccc1)C(=O)N[C@H](C=O)Cc1ccccc1,5.686238204
CC(C)CC1=NCCc2cc(Cl)c(O)cc2N1,6.354577731
COc1ccccc1N1CCN(CCN(C(=O)c2ccc(F)cc2)c2ccccn2)CC1,5.115504839
COc1ccc(-c2cc3c(=O)n(CCN4CCN(c5ccccc5Cl)CC4)c(=O)[nH]c3[nH]2)cc1,6.566070234
CN1CCN(C2=Nc3cc(Cl)ccc3N(NC(=O)c3ccncc3)c3ccccc32)CC1,7.065501549
Oc1cc2c(c(-c3ccccc3)c1O)CCNCC2c1ccccc1,6.460923901
CCCN(CCC)CC1COc2cccc(OC)c2C1,4.459999938
Cc1c(-c2ccc(Oc3nccc4n[nH]cc34)cc2)n(C)c(=O)[nH]c1=O,7.756961951
Cc1ncc2nccn2c1-c1ccc(Oc2nccc3[nH]ccc23)cc1F,7.53165267
C[C@]12CC(=O)[C@H]3[C@@H](CCC4=CC(=O)CC[C@@]43C)[C@@H]1CC[C@]2(O)C(=O)CO,7.586700236
CN1C[C@@H]2c3ccccc3Oc3ccc(Cl)cc3[C@H]2C1,8.050609993
CCN(CC)CCCN(c1ccccc1)C1Cc2ccccc2C1,4.499999679
CCCN(CCc1ccc(Nc2ccc([N+](=O)[O-])c3nonc23)cc1)C1CCc2c(O)cccc2C1,6.769551079
Fc1ccc(CCCCN2CCN(c3ccccn3)CC2)cc1,6.623423043
CN1CCc2ccccc2Cc2[nH]c3ccccc3c2C[C@@H]1CO,7.987162775
CCCCC(=O)Oc1cccc2c1-c1cccc3c1[C@@H](C2)N(CCC)CC3,7.638272164
CCCN(CCc1ccccc1)[C@H]1CCc2c(O)cccc2C1,6.145693958
CNCCC=C1c2ccccc2CCc2ccccc21,5.340865346
CCN(CC)CCNC(=O)c1cc(Cl)c(N)cc1OC,5.108367777
C=CCN1CCc2cc(O)c(O)cc2C(c2ccccc2)C1,7.43062609
CCOC(=O)C12CC1/C(=N/O)c1ccccc1O2,5.936216439
CCCC[C@H](NC(=O)[C@H]1CC[C@H]2c3[nH]c4ccccc4c3CCN2C1)C(=O)N[C@@H](Cc1ccc(F)cc1)C(=O)N1C[C@@H](N)C[C@H]1C(N)=O,4.568636236000001
Oc1cc2c(cc1Cl)CCN=C(NC1CCCCC1)N2,6.88941029
Oc1cc2c(cc1O)C1c3ccccc3CNC1CO2,7.124938737000001
CN(C)CCOC1=Cc2ccccc2Sc2ccc(Cl)cc21,7.247951552000001
CCN(CC)[C@@H]1[C@@H](CO)[C@H]2CN(Cc3ccccc3)[C@H](c3ccc(Br)cc3)[C@H]21,5.15490196
CCC1(CCCCN2CCN(c3ccc(Cl)cc3)CC2)C(=O)Nc2cc(F)ccc21,5.473660722999999
N=C(N)NC(=O)c1nc(Cl)c(N2CCCCCC2)nc1N,4.499999679
O=C1Cc2c([nH]c3ccc(Br)cc23)-c2ccccc2N1,5.486236545
Cc1cc(Oc2ncccc2C2CC2)ccc1-c1c(C)n[nH]c(=O)c1C,8.11577123
C=CCc1ccccc1OCC(O)CNC(C)C,6.186218922
CCCCOc1ccc2c(c1OC)CN1CCc3cc(OC)c(O)cc3C1C2,7.958607315
c1ccc(CCCN2CCN(CCOC(c3ccccc3)c3ccccc3)CC2)cc1,5.649157818
COc1ccc2c(c1O)CN1CCc3cc4c(cc3[C@@H]1C2)OCO4,7.22184875
CN1CCc2cc(Cl)c(O)cc2[C@H]2c3cccc(C#N)c3CC[C@@H]21,8.552841969
CN[C@H]1CC[C@@H](c2ccc(Cl)c(Cl)c2)c2ccccc21,5.081225497
CCCN(CCc1ccccc1)[C@@H]1CCc2c(O)cccc2C1,5.187086643
NC(=O)C1CCN(CCCN2c3ccccc3Sc3ccc(Cl)cc32)CC1,7.619788757999999
Oc1cc2c(cc1O)[C@H]1c3cccnc3CN[C@@H]1CC2,7.44551084
CCN(CCCl)Cc1ccccc1Br,4.949999402
Cc1ncnc(C#N)c1-c1ccc(Oc2nccc3[nH]ccc23)cc1F,7.548213564
Fc1ccc(C(c2ccc(F)cc2)N2CCN(C/C=C/c3ccccc3)CC2)cc1,5.53677912
CN1CCc2cc(SCCN)cc3c2[C@H]1Cc1ccc(O)c(O)c1-3,5.886056647999999
CC(N)C(=O)OC(C)(C)Cc1ccc(Cl)cc1,4.7499998560000005
Cc1nc2sccn2c(=O)c1CCN1CCC(=C(c2ccccc2)c2ccc(F)cc2)CC1,5.16279679
Cc1c2ccncc2c(C)c2c1[nH]c1ccccc12,5.300851971
CCOC(OCC)C(=O)NC1CCN(CC23CC(c4ccccc42)c2ccc(Cl)cc23)CC1,7.119186407999999
Cc1cc2c(nc1C)CN[C@@H]1CCc3cc(O)c(O)cc3[C@@H]21,6.698970004
COc1cc2c(cc1O)[C@@H]1Cc3sc(CC(C)Cl)cc3CN1CC2,7.338944915
O=C1c2ccccc2CCCN1CCCCN1CCN(c2ncccn2)CC1,5.0599997960000005
CN1CCc2cc(Cl)c(O)cc2[C@H]2c3ccc(NS(C)(=O)=O)cc3CC[C@@H]21,9.301029996
COc1cc2c(cc1O)[C@@H]1Cc3ccc(OC)c(O)c3CN1CC2,7.657577319
CC1=NCCc2cc(Cl)c(O)cc2N1c1ccc(C)cc1,6.742321425
COc1cc2c(cc1O)CCN1Cc3c(ccc(OC)c3OC)C[C@H]21,5.924818145
CCCC(=O)Oc1cccc2c1-c1cccc3c1[C@@H](C2)N(CCC)CC3,7.920818754
CC(C)(C)C1(O)CCN(CC23CC(c4ccccc42)c2ccc(Cl)cc23)CC1,8.15490196
CC1=NCCc2cc(Cl)c(O)cc2N1c1ccccc1,6.698970004
NCCCC(=O)O,5.386242721
CSc1nc(N)c2ncn([C@@H]3O[C@H](COP(=O)(O)OP(=O)(O)O)C(O)[C@H]3O)c2n1,5.4337982810000005
CC(C)Oc1cccnc1N(C)C1CCN(Cc2ccccc2)CC1,5.060742901
CCCC/N=C/N(C)c1ccccc1,8.050609993
CCN(CC)CCCCCCCCOC(=O)c1cc(OC)c(OC)c(OC)c1,5.636237641
CN1CCc2ccccc2Cc2cc(O)ccc2CC1,8.240332155
CCN1CCCC1CNC(=O)c1cc(S(N)(=O)=O)ccc1OC,5.085228578
COc1cc(Oc2nccc3n[nH]cc23)ccc1-c1c(C)ncnc1C,6.906578315
Cc1ccc(-c2cc3c(=O)n(CCN4CCN(c5ccccc5Cl)CC4)c(=O)[nH]c3[nH]2)cc1,6.410385459
Nc1ncnc2c1nc(Br)n2C1OC2COP(=O)(O)O[C@@H]2C1O,4.93621269
COc1ccc2cc(C3=NCCc4cc(Cl)c(O)cc4N3)ccc2c1,6.70333481
Cc1cc(Sc2ncccc2C(F)(F)F)ccc1-c1c(C)c(=O)[nH]c(=O)n1C,7.772113295
CC(C)(CO)Cc1cc(C(C)(C)C)c(O)c(C(C)(C)C)c1,5.035229043
CN(C)C1C=CC2(CC1)c1ccccc1CCc1ccc(Cl)cc12,7.466418575
CN1CCN(C2=Nc3cc(Cl)ccc3N(NC(=O)C(C)(C)C)c3ccccc32)CC1,7.008773924
Cc1cc(Oc2ncc(F)cc2Cl)ccc1-c1c(C)c(=O)[nH]c(=O)n1C,7.100726813
N#Cc1cc2cc(OCCCCN3CCN(c4cccc(Cl)c4Cl)CC3)ccn2n1,5.455931956000001
Oc1cc2c(cc1Cl)CNC[C@H]2c1ccccc1,6.54999737
c1ccc2sc(SSc3nc4ccccc4s3)nc2c1,6.049635146
O=S(=O)(c1cccc2c(I)cccc12)N1CCCNCC1,4.786816172
Clc1ccc(N2CCN(CCCc3nc4ccccc4s3)CC2)cc1,5.895171596
Oc1ccc2c(c1O)C[C@@H](c1ccccc1)[C@@H]1CCNC[C@@H]21,5.220700835
O=C(Nc1ccc([N+](=O)[O-])cc1Cl)c1cc(Cl)ccc1O,6.462810773999999
CN(C)CCOc1ccccc1Cc1ccccc1,6.46470588
CN1CCN(C2=Nc3cc(Cl)ccc3N(NC(=O)c3ccccc3)c3ccccc32)CC1,6.804100348
Cc1ncnc(N2CC(F)C2)c1-c1ccc(Oc2nccc3[nH]ccc23)cc1F,8.293282218
CN1CCc2ccc(N)cc2C(c2ccccc2)C1,6.234331445
CN1CCc2cc(Cl)c(O)cc2[C@H]2c3cccc(/C=N/OCc4ccccc4)c3CC[C@@H]21,9.698970004
CCCCCCCCCCCCCC(=O)O[C@@H]1[C@@H](C)[C@@]2(O)[C@@H](C=C(CO)C[C@@]3(O)C(=O)C(C)=C[C@H]32)[C@@H]2C(C)(C)[C@]12OC(C)=O,6.636200055
O=C1c2ccccc2CCCN1CCCCN1CCN(c2cccc(Cl)c2Cl)CC1,5.760000207
O=c1c(O)c(-c2ccc(O)cc2O)oc2cc(O)cc(O)c12,6.986320302999999
O=C(NCCCCN1CCN(c2cccc(Cl)c2Cl)CC1)c1cc2ccccc2[te]1,5.853871964
Cc1ccc2c(c1)[C@@H]1c3cc(O)c(O)cc3CC[C@H]1NC2,8.060480747
N=C(N)NC(=O)Cc1c(Cl)cccc1Cl,5.0
Cc1ccc(S(=O)(=O)N2c3ccc(Cl)cc3N=C(N3CCN(C)CC3)c3ccccc32)cc1,7.187086643
Fc1ccc(SCCCN2CCN(c3ccc(Cl)cc3)CC2)cc1,7.283996656
O=c1[nH]c2ccccc2n1C1CCN(CCCC(c2ccc(F)cc2)c2ccc(F)cc2)CC1,5.091919975
CN1CCc2cc(Sc3ccccc3)cc3c2[C@H]1Cc1ccc(O)c(O)c1-3,5.657577319
CCCN(CCc1ccc(C)cc1)[C@@H]1CCc2c(O)cccc2C1,5.30980392
O=C(NN1c2ccc(Cl)cc2N=C(N2CCN(Cc3ccccc3F)CC2)c2ccccc21)c1ccccc1Cl,6.298432015
COc1cc(C(=O)NN2c3ccc(Cl)cc3N=C(N3CCN(C)CC3)c3ccccc32)cc(OC)c1OC,7.508638306
Cc1c(-c2ccc(Oc3ncccc3C(F)F)cc2C#N)n(C)c(=O)[nH]c1=O,6.368556231
CCCN1CCC[C@@H](c2cccc(O)c2)C1,5.356692112
CC(=O)O[C@]1(C(C)=O)CC[C@H]2[C@@H]3C=C(Cl)C4=CC(=O)[C@@H]5C[C@@H]5[C@]4(C)[C@H]3CC[C@@]21C,5.486236545
Cn1c(-c2ccccn2)c(C2CCCC2)c2ccc(C(=O)NC3(C(=O)Nc4ccc(/C=C/C(=O)O)cc4)CCC3)cc21,5.0
OC[C@H]1[C@H]2CN(Cc3ccccc3)[C@H](c3ccccc3)[C@H]2[C@@H]1N1CCCC1,4.389339837
CCCC[C@H](NC(=O)[C@H]1CC[C@@H]2c3[nH]c4ccccc4c3CCN2C1)C(=O)N[C@@H](Cc1ccc(O)cc1)C(=O)N[C@@H](CCCCN)C(N)=O,5.920818754
Cc1n[nH]c(=O)c(C)c1-c1ccc(Oc2nccc3[nH]ccc23)cc1,8.385102783999999
COc1ccccc1-c1cc2c(=O)n(CCN3CCN(c4ccccc4Cl)CC3)c(=O)[nH]c2[nH]1,5.068033885
CN1CCc2cc(Cl)c(O)cc2[C@H](c2ccccc2)C1,6.716698771
Cn1ccnc1,6.936291441
CCCC(CCC)C(=O)NN1c2ccc(Cl)cc2N=C(N2CCN(C)CC2)c2ccccc21,7.591760035
CN1CCc2cc(Br)c(O)cc2[C@@H](c2ccccc2)C1,9.236572006
CNC[C@H](O)c1cccc(O)c1,5.428349389
Cc1sc2ccccc2c1CC1=NCCN1,5.219700694
CC(C)[C@H](NC(=O)[C@@H]1C=C2c3cccc4[nH]cc(c34)C[C@H]2N(C)C1)C(=O)N[C@@H](Cc1ccc([N+](=O)[O-])cc1)C(=O)N1CCC[C@H]1C(N)=O,5.107905397
O=C(CCCN1C=CC(n2c(=O)[nH]c3ccccc32)CC1)c1ccc(F)cc1,5.941915775
CN1CCc2cc(Cl)c(O)cc2[C@H]2c3ccccc3CC[C@H]21,6.046723663
FC(F)(F)Oc1cccc(CN2CCN(C3=Nc4cc(Cl)ccc4Nc4ccccc43)CC2)c1,5.4203307060000006
CN1CCc2cc(-c3ccc(O)cc3)c(O)cc2C(c2ccccc2)C1,6.457174573
c1ccc(Cc2ccccc2OCCN2CCCC2)cc1,6.42136079
COc1ccccc1N1CCN(CC(O)CCNC(=O)c2cc3ccccc3s2)CC1,5.177178355
CN1CCN(C2=Nc3ccccc3N(NC(=O)c3cc(F)ccc3C(F)(F)F)c3ccc(Cl)cc32)CC1,7.657577319
COc1ccccc1N1CCN(CCc2cn(-c3ccn4ncc(C=O)c4c3)nn2)CC1,6.207608311
COc1ccccc1N1CCN(CCCNC(=O)c2cc3ccccn3n2)CC1,5.920818754
CCO/N=C/c1cccc2c1CC[C@H]1[C@H]2c2cc(O)c(Cl)cc2CCN1C,8.744727495
C/C=C(/C)C(=O)O[C@H]1C(C)=C2[C@@H]3OC(=O)[C@@](C)(O)[C@@]3(O)[C@@H](OC(=O)CCC)C[C@](C)(OC(C)=O)[C@H]2[C@@H]1OC(=O)CCCCCCC,6.306536873
CCCCCCCCCCCCCCCCCC(=O)OC(CC(=O)[O-])C[N+](C)(C)C,5.038586026
CN1CCc2cc(Cl)c(O)cc2[C@H]2c3cccc(N)c3CC[C@@H]21,8.552841969
Clc1ccc(N2CCN(CCCc3nc4ccccc4o3)CC2)cc1,5.931072388
Brc1c(Br)c(Br)c2[nH]cnc2c1Br,5.236235184
C[C@@H](NC(=O)/C(C#N)=C/c1ccc(O)c(O)c1)c1ccccc1,5.236235184
CCCc1c(OCCCOc2ccc(OCC(=O)O)cc2)ccc(C(C)=O)c1O,4.550000452
O=C1NCCN1CCN1CCC(c2cn(-c3ccc(F)cc3)c3ccc(Cl)cc23)CC1,6.677780705
C[C@H]1c2cccc(O)c2C(=O)C2=C(O)[C@]3(O)C(=O)C(C(N)=O)=C(O)[C@@H](N(C)C)[C@@H]3[C@@H](O)[C@@H]21,6.086239114
CCC(C)Cc1cc2c(s1)C[C@H]1c3cc(O)c(OC)cc3CCN1C2,6.394242575
Oc1cc2c(cc1O)[C@H]1c3ccccc3CC[C@@H]1NCC2,6.358525889
OCCN1CCN(CCCN2c3ccccc3C=Cc3ccccc32)CC1,5.191920754
CN1CCN(CC(=O)N2c3ccccc3C(=O)Nc3cccnc32)CC1,5.576877057000001
Oc1cc2c(cc1O)[C@H]1c3ccccc3OC[C@@H]1NCC2,6.244125144
COc1cc(Oc2ccc(-c3c(C)c(=O)[nH]c(=O)n3C)c(C)c2)ncc1C,6.728158392999999
Cc1cc(Oc2nccc3n[nH]cc23)ccc1-c1c(C)ncc(=O)n1C,7.45655282
COc1cc2c(c(OC)c1)CN1CCc3cc4c(cc3[C@@H]1C2)OCO4,6.966395326000001
c1ccc([C@H]2CN3CCSC3=N2)cc1,5.08621263
CN1CCc2cc(I)c(O)cc2C(c2ccc(N=[N+]=[N-])cc2)C1,9.823908741
CN1CCc2cc(OCCF)cc3c2[C@H]1Cc1ccc(O)c(O)c1-3,5.431798276
CN1CCN(C2=Nc3ccccc3N(NC(=O)c3cccc(C#N)c3)c3ccc(Cl)cc32)CC1,7.004364805
COc1ccc2c(c1)OCCN(C)CCc1ccccc1C2,7.449771647
COc1cc2c(cc1O)CN1CCc3cc(OC)c(O)cc3[C@@H]1C2,8.251811972999999
CC(=O)N(Cc1ccc([C@H]2CN(C)CCc3cc(Cl)c(O)cc32)cc1)C1CCC1,9.698970004
NCCc1cccc(O)c1,4.318758763
CNC1=NCCc2cc(Cl)c(O)cc2N1,6.106238238
Oc1cc2c(cc1Cl)CCN[C@H]2c1ccccc1,6.850011544
CN1CCc2cc(Cl)c(O)cc2[C@H]2c3cccc(/C=N/Oc4ccccc4)c3CC[C@@H]21,9.0
CCCCCC(=O)Oc1cccc2c1-c1cccc3c1[C@@H](C2)N(CCC)CC3,8.0
Oc1cc2c(cc1O)[C@@H]1c3ccccc3CN[C@H]1CO2,6.226579277000001
COC(=O)C1=C(C)NC(C)=C(C(=O)OC)C1c1ccccc1[N+](=O)[O-],4.7668058360000005
C[C@@H]1O[C@@H](O[C@H]2C[C@@H](O)[C@]3(CO)[C@@H]4C(CC[C@]3(O)C2)[C@@]2(O)CC[C@H]([C@@H]3COC(=O)C3)[C@@]2(C)C[C@H]4O)[C@H](O)[C@H](O)[C@H]1O,4.586214232
O=C(CCCN1CC[C@H]2[C@@H](C1)c1cccc3c1N2CCN3)c1ccc(F)cc1,6.958607315
O[C@]1(c2ccc(Cl)c(Cl)c2)C[C@@H]2CC[C@H](C1)N2Cc1c[nH]c2ccccc12,5.76700389
Cc1nc2n(c(=O)c1CCN1CCC(c3noc4cc(F)ccc34)CC1)CCCC2,6.355433406
COc1cc2c(cc1O)[C@@H]1Cc3sc(CCCl)cc3CN1CC2,7.784362437
O=C(c1ccccc1)c1ccccc1OCCN1CCCC1,5.782252927
COc1ccnc(Oc2ccc(-c3c(C)n[nH]c(=O)c3C)c(C)c2)c1C(F)F,7.872895202
Cc1ccc(CNc2cc3c(cc2O)C(c2ccccc2)CN(C)CC3)cc1,6.121478204
O=C(CCCN1CC[Si](O)(c2ccc(Cl)cc2)CC1)c1ccc(F)cc1,6.790484985
COc1cc2c(cc1O)C1Cc3ccc(O)c(OC)c3CN1CC2,8.251811972999999
CCN1CCc2ccccc2Cc2ccc(O)cc2CC1,8.430041182
Nc1nc2c(cnn2CCc2ccccc2)c2nc(-c3ccco3)nn12,5.686238204
C#CC1=CC[C@@H](N(CCC)CCCCNC(=O)c2ccc(OCCCc3cn(CCCC)nn3)c(OC)c2)CO1,5.585026652000001
COc1c(O)ccc2c1CN1CCc3cc4c(cc3[C@@H]1C2)OCO4,4.954073602
O=C(NCCC(O)CN1CCN(c2cccc(Cl)c2Cl)CC1)c1cc2ccccc2[nH]1,5.334419008999999
CCCCCCC(=O)Oc1cccc2c1-c1cccc3c1[C@@H](C2)N(CCC)CC3,7.508638306
CSC1=NCCc2cc(Cl)c(O)cc2N1,6.045757491
COc1ccc2[nH]c3c(c2c1)CCNC3,6.586197482999999
CN1CCc2cccc3c2[C@H]1Cc1ccc(O)c(O)c1-3,6.535659515
CN1CCN(C2=Nc3cc(Cl)ccc3N(NC(=O)c3ccc4c(c3)OCO4)c3ccc(Cl)cc32)CC1,6.886056647999999
CN1CCN(C2=Nc3cc(Cl)ccc3N(NC(=O)c3cccc4ccccc34)c3ccccc32)CC1,8.537602002
CCOc1ccc(CCNC(=O)N2CCN(CCCC(c3ccc(F)cc3)c3ccc(F)cc3)CC2)cc1,6.014573526
COc1ccc2c(c1)Cc1ccccc1CCN(C)CC2,6.488785299
COc1cc2c(c(OC)c1)CN1CCc3cc(OC)c(O)cc3[C@@H]1C2,6.459079561
COc1ccccc1N1CCN(CCCCNC(=O)c2cc3ccccc3o2)CC1,5.809668302
Oc1cc2c(cc1O)[C@H]1c3ccccc3CN[C@H]1CC2,8.408935393
[C-]#[N+]c1c[nH]c2ccnc(Oc3ccc(-c4c(C)ncnc4C)c(C)c3)c12,8.337242168
O=[N+]([O-])c1cccc2c(Br)n[nH]c12,8.086186148
CNCCc1ccc(O)c(O)c1,6.729903719
Cc1ccc(-c2cc(C(F)(F)F)nn2-c2ccc(S(N)(=O)=O)cc2)cc1,4.677873778
CCS(=O)(=O)Nc1ccc2c(c1)CC[C@H]1[C@H]2c2cc(O)c(Cl)cc2CCN1C,9.15490196
CC(=O)[C@H]1CC[C@H]2[C@@H]3CCC4=CC(=O)CC[C@]4(C)[C@H]3CC[C@]12C,4.849999245
Cc1cc2c(s1)Nc1ccccc1N=C2N1CC[N+](C)([O-])CC1,6.403402904
CN1CCc2ccccc2Cc2c(ccc(O)c2Cl)CC1,8.440093375
COc1ccccc1N1CCN(CCN(C(=O)c2ccc(I)cc2)c2ccccn2)CC1,5.460741937000001
Cc1cc(Oc2ncccc2OC(F)F)ccc1-c1c(C)c(=O)[nH]c(=O)n1C,7.894319537
CN(C)CC[C@@H](c1ccc(Br)cc1)c1ccccn1,5.486236545
CN1CCN(C2=Nc3cc(Cl)ccc3N(NC(=O)C(F)(F)F)c3ccccc32)CC1,7.065501549
N=C(N)NC(=N)Nc1cccc(Cl)c1,5.586230982000001
CC(C)(Sc1ccc(CCN(CCCCC2CCCCC2)C(=O)NC2CCCCC2)cc1)C(=O)O,4.949999402
Cc1cc(Oc2nccc3[nH]ccc23)ccc1-c1cn[nH]c(=O)c1C,7.447331784
Oc1cc2c(cc1O)[C@H]1c3ccc(F)nc3CN[C@@H]1CC2,7.004364805
COc1cc(CCNC[C@H](O)c2ccc(O)c(O)c2)ccc1OCCCc1ccccc1,6.366531544
COc1ccccc1N1CCNCC1,4.773628256
CN1CCN(CCCN2c3ccccc3Sc3ccc(C(F)(F)F)cc32)CC1,6.29191919
CCCN1CCc2cc(Cl)c(O)cc2[C@@H]1c1ccccc1,6.7499949720000005
CCCN(CCc1ccc(N)cc1)C1CCc2c(O)cccc2C1,6.148741651
C[N+](C)(CCCCCC[N+](C)(C)CCCN1C(=O)c2cccc3cccc(c23)C1=O)CCCN1C(=O)c2cccc3cccc(c23)C1=O,5.636237641
N=C(N)N1CCc2ccccc2C1.N=C(N)N1CCc2ccccc2C1,6.2862575220000005
CNCCc1c[nH]c(CCC(c2ccccc2)c2ccccc2)n1,4.899998417
CCNC(=O)N1CCN(CCCC(c2ccc(F)cc2)c2ccc(F)cc2)CC1,5.187918166
CCCN1C[C@H](CSC)O[C@@H]2Cc3c(O)cccc3C[C@H]21,7.721246399
COc1cccc2c1CC(CNCCCCN1C(=O)CC3(CCCC3)CC1=O)CO2,6.080001969
CCCCn1cc(CCCOc2ccc(C(=O)NCCCCN(CCC)[C@@H]3CCc4c(O)cccc4C3)cc2OC)nn1,4.638272164
CCOC(=O)Nc1ccc2c(c1)CC[C@H]1[C@H]2c2cc(O)c(Cl)cc2CCN1C,8.853871964
COc1cc2c(cc1O)[C@H]1C[C@](O)(c3ccc(Cl)cc3)CCN1CC2,6.612610173999999
CN1CCc2cc(Cl)c(O)cc2[C@@H](c2ccc(CNC3CCC3)cc2)C1,9.045757491
O=C1c2ccccc2CCCN1CCCCN1CCN(c2ccccn2)CC1,6.54999737
CC(C)[C@@]1(NC(=O)[C@@H]2C[C@@H]3c4cccc5[nH]cc(c45)C[C@H]3N(C)C2)O[C@@]2(O)[C@@H]3CCCN3C(=O)[C@H](Cc3ccccc3)N2C1=O,5.781832252
CN1CCc2cc(Cl)c(O)cc2[C@H]2c3cc(CN4CCN(c5ccccn5)CC4)ccc3CC[C@@H]21,6.818156412
COc1c(OCCF)cccc1C(O)C1CCN(CCc2ccc(F)cc2)CC1,6.046240308
C=CCN1CCc2c(cc(O)c(O)c2Cl)[C@@H](c2ccccc2)C1,7.288192771
CCCCCCCCCCCCCCCC(=O)NCC(COP(=O)([O-])OCC[N+](C)(C)C)OCC,4.947127223
Cc1cc(Oc2ncc(F)cc2C)ccc1-c1c(C)n[nH]c(=O)c1C,6.860120914
Nc1ccc(N2C(=O)c3ccccc3C2=O)c(Cl)c1,6.086239114
CN1CCc2cc(Cl)c(O)cc2[C@@H]1c1ccccc1,8.179995693
CNCCc1c[nH]c2ccc(O)cc12,5.736245611
N[C@@H](CCCC(=O)O)C(=O)O,7.536107011
COc1ccccc1N1CCN(CCNC(=O)c2cc3ccccn3n2)CC1,5.920818754
NC[C@@H]1OC(C(c2ccccc2)c2ccccc2)Cc2c1ccc(O)c2O,7.0
Cc1cc(Oc2nccc(C)c2Cl)ccc1-c1c(C)cnc(=O)n1C,7.490797477999999
CN1CCC(=C2c3ccccc3C=Cc3ccccc32)CC1,6.179929966
O=C(NC/C=C/CN1CCN(c2cccc(Cl)c2Cl)CC1)c1cc2ccccc2o1,5.835647144
CN(C)C[C@@H]1CC2c3ccccc3Oc3ccc(Cl)cc3[C@H]2O1,6.602059991
CN1CCN(C2=Nc3cc(Cl)ccc3N(NC(=O)c3cccc(Cl)c3)c3ccccc32)CC1,8.397940009
CN1CCN(C2=Nc3ccccc3Nc3sc(CO)cc32)CC1,7.180456064
O=C(O)C1=CCNCC1,6.086239114
CCCN1CCc2cccc3c2C1Cc1cccc(OCCCCN2CCN(c4ccccc4OC)CC2)c1-3,6.133712661000001
CN1CCc2ccccc2Cc2ccc(O)c(Cl)c2CC1,9.154323286
Cc1cccc(C(=O)NN2c3ccc(Cl)cc3N=C(N3CCN(C)CC3)c3ccccc32)c1,8.522878745
COc1ccc2[nH]c3c(c2c1)CCN(C)CCc1ccccc1C3,9.086186148
CN(C)[C@@H]1C(O)=C(C(N)=O)C(=O)[C@@]2(O)C(O)=C3C(=O)c4c(O)ccc(Cl)c4[C@@H](O)[C@H]3C[C@@H]12,4.586214232
O/N=C/c1cc2cc(OCCCCN3CCN(c4cccc(Cl)c4Cl)CC3)ccn2n1,6.585026652000001
CN1CCc2cc(Cl)c(O)cc2[C@@H](c2ccccc2)C1.O=C(O)/C(O)=C(/O)C(=O)O,9.026872146
CN1CCc2cc(Cl)c(O)cc2[C@H]1c1ccccc1,6.350003492999999
NCC(O)c1cc(O)c(O)cc1F,5.748574721000001
COc1cc2c(cc1O)CCN1Cc3c(ccc(OC)c3O)C[C@@H]21,6.27572413
CC(C)(C)NCC(O)COc1cccc2[nH]c(=O)[nH]c12,5.386242721
Cc1nc2sccn2c(=O)c1CCN1CCC(=C(c2ccc(F)cc2)c2ccc(F)cc2)CC1,5.393065368999999
CCCn1c(=O)c2c(ncn2C)n(CCC)c1=O,5.836242476000001
Clc1ccc2c(c1)N=C(N1CCN(Cc3ccc(OCCCN4CCCCC4)cc3)CC1)c1ccccc1N2,6.062482107999999
CC(C)CC(NP(=O)(O)O[C@@H]1O[C@@H](C)[C@H](O)[C@@H](O)[C@H]1O)C(=O)NC(Cc1c[nH]c2ccccc12)C(=O)O,5.436234225
Oc1cc2c(cc1O)[C@H]1c3cnccc3CN[C@@H]1CC2,6.148741651
CN1CCN(C2=Nc3cc(Cl)ccc3N(NC(=O)c3ccccc3N3CCN(C)CC3)c3ccccc32)CC1,6.625251654
CN1CCN(C2=Nc3cc(Cl)ccc3N(NC(=O)c3cccc(C#N)c3)c3ccccc32)CC1,7.207608311
CN1CCc2ccccc2Cc2ccsc2CC1,7.131355562
CN1CCN(C2=Nc3cc(Cl)ccc3N(NC(=O)C3CCCCC3)c3ccccc32)CC1,7.37675071
O=C(OCc1cc2c(cc1Cl)OCO2)N1CCC(n2c(O)nc3ccccc32)CC1,5.120330794
CN1CCc2ccc(Cc3ccc(O)cc3)c3c2[C@H]1Cc1ccc(O)c(O)c1-3,7.597738617999999
CC(C)NC[C@H](O)c1ccc(O)c(O)c1,5.566306153999999
Oc1cc2c(cc1Cl)CCN=C(c1ccccc1)N2,6.32330639
O=C(c1ccc(OCCCc2c[nH]cn2)cc1)C1CC1,4.800000875
Cc1cc2c(cc1O)[C@H]1C[C@@](O)(c3ccc(Cl)cc3)CCN1CC2,8.083546051
Oc1cc2c(cc1O)[C@H]1c3ccccc3CN[C@@H]1CO2,7.099632871
Cc1cc(N(C)CCN(C)C)nc2ccc(NC(=O)/C=C/c3ccc(OC(F)(F)F)cc3)cc12,6.045757491
COc1ccccc1N1CCN(CCCCNC(=O)c2cc3ccccc3[te]2)CC1,6.420216403
CN(C)[C@@H]1CC[C@H](c2c[nH]c3ccc(C#N)cc23)C1,5.142667503999999
O=C(Cc1ccc(Cl)c(Cl)c1)N1CCCCC1CN1CCCC1,7.735182177
C[C@@H](CN1CCC(Cc2ccccc2)CC1)[C@@H](O)c1ccc(O)cc1,5.10343796
COc1cc(CCNC[C@@H](O)c2ccc(O)c3c2OCC(=O)N3)ccc1OCCCc1ccccc1,5.552841969
Nc1ncnc2c1ncn2[C@H]1O[C@@H](COP(=O)(O)OP(=O)(O)OP(=O)(O)OP(=O)(O)OC[C@H]2O[C@@H](n3cnc4c(N)ncnc43)[C@H](O)[C@@H]2O)[C@H](O)[C@@H]1O,5.414305266
CC(C)(C)c1cc(/C=C(\C#N)C(N)=S)cc(C(C)(C)C)c1O,4.655488852
COCC(=O)O[C@]1(CCN(C)CCCc2nc3ccccc3[nH]2)CCc2cc(F)ccc2[C@@H]1C(C)C,4.899998417
C#C[C@]1(O)CC[C@H]2[C@@H]3CCC4=Cc5oncc5C[C@]4(C)[C@H]3CC[C@@]21C,4.814259582
Oc1ccc2c(c1)C(c1ccccc1)CNCC2,6.153662888
O=C1CC2(CCCC2)CC(=O)N1CCCCN1CCN(c2ncccn2)CC1,5.236235184
c1ccc(C(NCc2cccnc2)(c2ccccc2)c2ccccc2)cc1,5.312801121000001
CN1CCN(C2=Nc3cc(Cl)ccc3N(NC(=O)c3ccc(C#N)cc3)c3ccc(Cl)cc32)CC1,7.292429824
Cc1cccc(C2CN(C)CCc3c2cc(O)c(O)c3-c2ccc3ccccc3c2)c1,8.311580178
C#CCC1Cc2c(ccc(O)c2O)[C@H](CN)O1,7.173925197000001
CN1CCc2c(cc(O)c(O)c2Cl)C(c2ccccc2)C1,9.045757491
CC/C(=C(\c1ccccc1)c1ccc(OCCN(C)C)cc1)c1ccccc1,5.207729158999999
COc1ccccc1N1CCN(CCCCN2C(=O)c3ccccc3C2=O)CC1,5.247970769
Cc1cccc(N2CCN(CCc3ccc4[nH]nnc4c3)CC2)c1C,5.330000131
Clc1ccc(COC(Cn2ccnc2)c2ccc(Cl)cc2Cl)c(Cl)c1,5.3292440580000005
CC(C)C(=O)Nc1ccc([N+](=O)[O-])c(C(F)(F)F)c1,5.236235184
CCN1CCN(C2=Nc3cc(Cl)ccc3N(NC(=O)c3ccccc3Cl)c3ccccc32)CC1,7.26760624
Cc1cnc(Oc2ccc(-c3c(C)c(=O)[nH]c(=O)n3C)c(C)c2)c(Cl)c1,6.995034112999999
Oc1ccc2c(c1)O[C@@H](CNCc1cccc(I)c1)CC2,5.388252801
CN1CCc2c([nH]c3ccccc23)CC(c2ccccc2)CC1,6.129596095
O=C(NC/C=C/CN1CCN(c2cccc(Cl)c2Cl)CC1)c1cc2ccccc2[nH]1,6.031050318999999
O[C@@H](c1cccnc1)C1CCN(CC23CC(c4ccccc42)c2ccc(Cl)cc23)CC1,7.200659451
C[C@@H](CO)NC(=O)[C@@H]1C=C2c3cccc4[nH]cc(c34)C[C@H]2N(C)C1,5.354037655
N#C/C(=C/c1ccc(O)c(O)c1)C(N)=S,6.2862575220000005
Oc1cc2c(c(-c3ccc(F)cc3)c1O)CCNCC2c1ccccc1,6.374687549
C=CCN1CCc2c(cc(O)c(O)c2Br)C(c2ccccc2)C1,8.301029996
Cc1ccc2c(n1)CN[C@@H]1CCc3cc(O)c(O)cc3[C@@H]21,7.088842391
COc1ccccc1N1CCN(CCCNC(=O)c2cnn3ccccc23)CC1,5.657577319
CCCCCCCCCCC(C)(C)C(=O)Nc1c(OC)cc(OC)cc1OC,4.7499998560000005
COC(=O)[C@H]1[C@@H](O)CC[C@H]2CN3CCc4c([nH]c5ccccc45)[C@@H]3C[C@@H]21,4.985229625
CSc1nc(N)c2ncn([C@@H]3O[C@H](COP(=O)(O)OP(=O)(O)OP(=O)(O)O)[C@@H](O)[C@H]3O)c2n1,5.990124366
N=C(N)NCc1cccc(I)c1,4.736212487
C[C@](N)(Cc1ccc(O)cc1)C(=O)O,7.63638802
CCOc1ccc2c(c1OC)CN1CCc3cc(OC)c(O)cc3C1C2,7.906578315
COc1cccc2c1CC1(CCCN1CCCCN1C(=O)CC3(CCCC3)CC1=O)CO2,5.0
O=C(O)C1CCCNC1,5.636237641
CC1=Nc2ccc(Cl)cc2[S+](=O)([O-])N1,5.886223716
CCOC(=O)C1=C(C)NC(C)=C(C(=O)OC)C1c1cccc([N+](=O)[O-])c1,5.127169976
CCn1c(-c2ccc(Oc3ncccc3Cl)cc2)c(C)c(=O)[nH]c1=O,6.502793819
CCn1c(-c2ccc(Oc3ncccc3C(F)F)cc2C)c(C)c(=O)[nH]c1=O,7.258848401
CN(C)CCCN1c2ccccc2CCc2ccccc21,5.050907758
CN1CCc2cc(Cl)c(O)cc2[C@H]2c3cccc(-c4cc(F)cc(F)c4)c3CC[C@@H]21,9.045757491
CC(C)C[C@H]1C(=O)N2CCC[C@H]2[C@]2(O)O[C@](NC(=O)[C@@H]3C=C4c5cccc6[nH]cc(c56)C[C@H]4N(C)C3)(C(C)C)C(=O)N12,6.519274621
CN1CCc2cc(Cl)c(O)cc2[C@H]2c3cccc(-c4cccc(F)c4)c3CC[C@@H]21,9.397940009
CC(=O)NN1c2ccc(Cl)cc2N=C(N2CCN(C)CC2)c2ccccc21,6.306273051
CN1CCC2(CCN3CCc4c(oc5ccccc45)C3C2)N(C)C1=O,5.27689749
c1ccc2c(N3CCN(CCc4ccc5c(c4)NCN5)CC3)cccc2c1,5.4400000660000005
O=C(CCCN1C2C3C4CC5C6C4C2C6C1(O)C53)c1ccc(F)cc1,6.679853714
CN(CCC=C1c2ccccc2CCc2ccccc21)Cc1ccc(OCCCN2CCCCC2)cc1,6.515700161
O=C1c2ccc(F)cc2CC1CCN1CCN(c2ccc(Cl)cc2)CC1,6.1915695710000005
CN1CCc2c(cc(O)c(O)c2Br)C(c2ccccc2)C1,8.920818753999999
O=C(NN1c2ccc(Cl)cc2N=C(N2CCN(Cc3ccc(F)cc3F)CC2)c2ccccc21)c1ccccc1Cl,6.052566278
CCCN1CCC[C@@H]2Cc3n[nH]cc3C[C@H]21,3.975756244
Cc1cccc(CNc2cc3c(cc2O)C(c2ccccc2)CN(C)CC3)c1,6.431798276
CC1=CC(C)=[N+]2C1=C(c1ccc(OCCCN3CCCCC3)cc1)c1c(C)cc(C)n1[B-]2(F)F,4.902638555
CN1CCc2cc(SCCC(=O)O)cc3c2[C@H]1Cc1ccc(O)c(O)c1-3,6.823908741
Cc1cc(Oc2nccc3n[nH]cc23)ccc1-c1cc(=O)[nH]nc1C,6.542118103
C=CCn1c(=O)c2c(nc(-c3ccc(S(=O)(=O)O)cc3)n2C)n(C)c1=O,5.486236545
CCCCCCOc1ccc2c(c1OC)CN1CCc3cc(OC)c(O)cc3C1C2,7.397940009
Cc1cc(Oc2nccc3n[nH]cc23)ccc1-c1c(C)ncnc1C,6.9469215570000005
O=c1[nH]c2[nH]c(-c3ccccc3Cl)cc2c(=O)n1CCN1CCN(c2ccccc2Cl)CC1,6.246570158
COc1ccc2c(c1)CCN(C)C2Cc1ccccc1C,5.629116982999999
CCN1CCC[C@H]1CNC(=O)c1cc(S(N)(=O)=O)ccc1OC,5.836242476000001
Oc1ccc2c(c1)O[C@@H](CNCc1ccc(OCCCCF)cc1)CC2,5.170151931
N[C@@H](CS(=O)O)C(=O)O,4.736212487
Cc1cc(Oc2nccc(C)c2Cl)ccc1-c1c(C)n[nH]c(=O)c1C,8.266802735
NC[C@@H]1OC(c2ccc(I)cc2)Cc2c1ccc(O)c2O,8.694648631
CC[C@@H]1Cc2c(ccc(O)c2O)[C@H](CN)O1,6.847711656
Cc1cc(Oc2ncccc2C(N)=O)ccc1-c1c(C)n[nH]c(=O)c1C,5.913640169
COc1cc(Oc2ccc(-c3c(C)c(=O)[nH]c(=O)n3C)c(C)c2)ncc1F,6.920818754
CCCCCCC(C)(C)c1ccc([C@@H]2C[C@H](O)CC[C@H]2CCCO)c(O)c1,5.236235184
CCCN1C[C@H](CSC)C[C@@H]2c3cccc4[nH]cc(c34)C[C@H]21,6.19556523
CN1CCN(C2=Nc3cc(Cl)ccc3N(NC(=O)C3CCC3)c3ccccc32)CC1,6.823908741
COc1cc2c(c(OC)c1)CN1CCc3cc(OC)cc(OC)c3[C@@H]1C2,5.109723211
COc1cc(/C=C(\C#N)C(=O)Nc2nnc(C(F)(F)F)s2)ccc1OCc1ccc(C(F)(F)F)cc1C(F)(F)F,5.586230982000001
CN1CCc2cc(I)c(O)cc2[C@H](c2ccc(N=[N+]=[N-])cc2)C1,9.552841969
Fc1ccc([C@@H]2CCNC[C@H]2COc2ccc3c(c2)OCO3)cc1,4.949999402
c1ccc2c(N3CCN(CCc4ccc5[nH]nnc5c4)CC3)cccc2c1,5.239999953
CN1CCc2cc(Br)c(O)cc2C(c2ccc(Nc3ccc([N+](=O)[O-])c4nonc34)cc2)C1,8.27572413
COc1ccccc1N1CCN(CCCn2cc(CCCN3CCc4cc(O)c(O)cc4C(c4ccccc4C)C3)nn2)CC1,6.300162274
CCN(CC)CC#CCOC(=O)C(O)(c1ccccc1)C1CCCCC1,6.236272596
O=c1c2ccccc2[se]n1-c1ccccc1,4.650000221
O=C(NN1c2ccc(Cl)cc2N=C(N2CCN(Cc3ccc4c(c3)OCCO4)CC2)c2ccccc21)c1ccccc1Cl,6.623423043
Oc1cc2c(cc1O)[C@H]1c3cncc(F)c3CN[C@@H]1CC2,6.225483034
O=C(O)c1ccccc1Nc1cccc(OCc2ccc3ccccc3n2)c1,4.899998417
CN1CCCc2ccccc2Cc2ccc(O)cc2CC1,8.532613907
CC(C)(C=O)Cc1cc(C(C)(C)C)c(O)c(C(C)(C)C)c1,5.467742606
O=C(NCCCCN1CCN(c2cccc(Cl)c2Cl)CC1)c1cc2ccccc2o1,5.602059991
CN(C)C[C@H]1C[C@@H]2c3ccccc3Cc3ccccc3[C@H]2O1,7.200659451
CN1CCN(C2=Nc3cc(Cl)ccc3N(NC(=O)c3ccco3)c3ccccc32)CC1,7.823908741
Fc1ccc(SCCCN2CCN(c3ccccn3)CC2)cc1,6.576754126
OCc1cc2cc(OCCCCN3CCN(c4cccc(Cl)c4Cl)CC3)ccn2n1,6.619788757999999
NC[C@@H]1OC2(CCCCC2)Cc2c1ccc(O)c2O,7.163043263
COC(=O)[C@@H](N)CSc1cc2c3c(c1)-c1c(ccc(O)c1O)C[C@H]3N(C)CC2,6.420216403
COc1ccccc1N1CCN(CCCCNC(=O)c2cc3ccc2CCc2ccc(cc2)CC3)CC1,6.240332155
O=c1[nH]c2[nH]c(-c3ccc(Cl)cc3)cc2c(=O)n1CCN1CCN(c2ccccc2Cl)CC1,6.264081882999999
c1ccc2sc(C3(N4CCCCC4)CCCCC3)cc2c1,5.0
COc1cc(CCNCCc2ccc(O)c3c2OCC(=O)N3)ccc1OCCCc1ccccc1,6.017728767
Cc1ccccc1C(=O)NN1c2ccccc2N=C(N2CCN(C)CC2)c2cc(Cl)ccc21,7.318758763
CN1CCc2ccccc2Cc2[nH]c3ccccc3c2CC1,7.280534467000001
CSc1ccccc1N1CCN(CCCCCC(=O)NC2CCCc3ccccc32)CC1,5.9107309070000005
CCCN1C[C@@H](Cn2cc(Cl)cn2)O[C@@H]2Cc3c(O)cccc3C[C@H]21,6.397940009
Clc1ccc(N2CCN(Cc3cccs3)CC2)cc1Cl,5.594995335
CCN(CC)CCCC(C)Nc1c2ccc(Cl)cc2nc2ccc(OC)cc12,4.888283933
CN1CCc2cc(N)cc3c2[C@H]1Cc1cccc(N)c1-3,5.534617149
COc1ccc2[nH]cc(CCN)c2c1,4.736212487
Cc1cc(Oc2cc(C3CC3)ccn2)ccc1-c1c(C)c(=O)[nH]c(=O)n1C,7.823908741
CCOc1ccc2ccccc2c1C(=O)NN1c2ccc(Cl)cc2N=C(N2CCN(C)CC2)c2ccccc21,7.187086643
O=C1Cc2cc(CCN3CCN(c4nsc5ccccc45)CC3)c(Cl)cc2N1,6.946691019
OCCN(CCO)c1nc(N2CCCCC2)c2nc(N(CCO)CCO)nc(N3CCCCC3)c2n1,5.094576532
NCCc1ccc(O)c(O)c1,5.575016118
CC(N)Cc1c[nH]c2ccc(OCc3cccs3)cc12,4.650000221
O[C@]1(c2ccc(Cl)cc2)C[C@@H]2CC[C@H](C1)N2Cc1coc2ccccc12,5.40560745
Oc1nc2ccccc2n1CCCNCc1cc2c(cc1Cl)OCO2,5.602059991
CN1CCN(C2=Nc3cc(Cl)ccc3N(NC(=O)c3cccc(F)c3F)c3ccccc32)CC1,7.795880017000001
Oc1cc2c(cc1O)[C@H]1c3ccncc3CN[C@@H]1CC2,7.050609992999999
O=C(CCCN1CCC2(CC1)C(=O)NCN2c1ccccc1)c1ccc(F)cc1,5.321032688
COc1nc(NCCCN2CCOCC2)nc(OC)c1NC(=O)c1ccc(Oc2cc3c(cc2C)CCC3(C)C)o1,5.790484985
NC[C@@H]1OC(c2ccc(Br)cc2)Cc2c1ccc(O)c2O,8.991399827999999
CN1C[C@H](CNC(=O)OCc2ccccc2)C[C@@H]2c3cccc4c3c(cn4C)C[C@H]21,6.880282341
Fc1ccc(OCCCN2CCN(c3ccccn3)CC2)cc1,6.744727495
C[C@H](N)CN1CCc2ccc(Br)cc21,4.899998417
CC(C)N1CCN(C2=Nc3cc(Cl)ccc3N(NC(=O)c3ccccc3Cl)c3ccccc32)CC1,6.718966633
NC[C@@H]1OC(C2CCCCCCC2)Cc2c1ccc(O)c2O,8.236572006
COc1ccc(C(=O)NN2c3ccc(Cl)cc3N=C(N3CCN(C)CC3)c3ccccc32)cc1,7.327902142
CC(C)(C)c1cc(C=C(C#N)C#N)cc(C(C)(C)C)c1O,6.212823007999999
CN1CCCC[C@H]1CCN1c2ccccc2Sc2ccc([S+](C)[O-])cc21,5.893469146
CN1CCc2ccc(Cc3ccc(O)c4ccccc34)c3c2[C@H]1Cc1ccc(O)c(O)c1-3,6.424235019
O=C1c2c(O)ccc(O)c2C(=O)c2c(NCCNCCO)ccc(NCCNCCO)c21,5.286215547
CN(C)C[C@H]1CC2c3ccccc3Oc3ccc(Cl)cc3[C@H]2O1,7.080921908
Cc1cc(NC(=O)Nc2ccc(N(C)C)cc2)c2cc(F)cc(F)c2n1,5.749579998
COc1ccc2c(c1)CCN(C)CCc1cc(OC)ccc1C2,7.741123371
Cc1ccc(N(CC2=NCCN2)c2cccc(O)c2)cc1,5.065504074
CN1CCc2ccc(Cc3ccccc3)c3c2[C@H]1Cc1ccc(O)c(O)c1-3,6.910094889
Cc1cc(NC(=O)Nc2ccc3c(ccn3C)c2)sn1,5.0503140580000005
S=C=Nc1cccc2ccccc12,4.684407466000001
Oc1ccc2c(c1)O[C@@H](CNCc1ccccc1OCCCCF)CC2,5.937765967000001
COc1ccccc1N1CCN(CCCCNC(=O)c2cc3ccccn3n2)CC1,5.823908741
CCCC[C@H](NC(=O)[C@H]1CC[C@@H]2c3[nH]c4ccccc4c3CCN2C1)C(=O)N[C@@H](Cc1ccc(F)c(F)c1)C(=O)N[C@@H](CCCCN)C(N)=O,5.886056647999999
CN(C)CCCC1(c2ccc(F)cc2)OCc2cc(C#N)ccc21,4.800000875
Cc1ncnc(C)c1-c1ccc(Oc2nccc3[nH]ccc23)cc1C#N,6.991399828
COc1cc(C(O)CO)ccc1O,6.136260892999999
Oc1cc2c(cc1O)[C@H]1c3ccccc3SC[C@@H]1NCC2,6.233587152999999
N/C(=N\C(=O)c1nc(Cl)c(N)nc1N)NCc1ccccc1,5.553439534
COc1ccc2c(c1)CC[C@@H]1[C@@H]2CC[C@]2(C)[C@@H](NCCCCCCN3C(=O)CCC3=O)CC[C@@H]12,4.974280523
Cc1cc(Oc2nccc3n[nH]cc23)ccc1-c1c(C)nc[n+]([O-])c1C,7.031050318999999
NC1CCc2cc(O)c(O)cc2C1,7.102785409
O=Nc1ccc2oc(=O)ccc2c1,5.386242721
CNCCC(Oc1ccccc1OC)c1ccccc1,5.001524876
C/N=c1/nc(-c2ccccc2)n(-c2ccccc2)s1,4.949999402
CN1CCN(C2=Nc3cc(Cl)ccc3N(NC(=O)c3ccccc3N3CCCCC3)c3ccccc32)CC1,8.107905397
CCCN1CCc2cccc3c2[C@@H]1Cc1ccc(O)c(O)c1-3,5.283996656
O=C(NC/C=C/CN1CCN(c2cccc(Cl)c2Cl)CC1)c1cc2ccccc2s1,5.761953897000001
CN(C)C[C@H]1CC2c3ccccc3Oc3ccc(Br)cc3[C@H]2O1,6.812479279
CCN1CCc2cc(C)cc3c2[C@H]1Cc1ccc(O)c(O)c1-3,5.8728952020000005
c1ccc2c(c1)CCCC2C1=NCCN1,5.586230982000001
CN1CCN(C2=Nc3cc(Cl)ccc3N(NC(=O)c3cccc(F)c3)c3ccccc32)CC1,7.327902142
CCOc1nc(NC(=O)C(C)(C)NC(=O)c2ccc3c(C4CCCC4)c(-c4ccc(F)cn4)n(C)c3c2)ccc1/C=C/C(=O)O,5.22184875
C=CCN1CCc2ccc(O)cc2C(c2ccccc2)C1,7.318758763
N#C/C(=C\c1ccc(O)c(O)c1)C(=O)NCCCc1ccccc1,4.499999679
CCCOC(=O)c1c(-c2ccccc2)nc(CC)c(C(=O)SCC)c1CCC,5.150909349
CN(CC/C=C1\c2ccccc2Sc2ccc(Cl)cc21)Cc1ccc(OCCCN2CCCCC2)cc1,6.605548319
CC[S+]([O-])c1ncccc1C1(O)CCN(CC23CC(c4ccccc42)c2ccccc23)CC1,7.886056647999999
CN1CCN(C2=Nc3cc(Cl)ccc3N(NC(=O)CCc3ccccc3)c3ccccc32)CC1,7.102372909
Oc1ccc(C2CNCc3sccc32)cc1O,6.685553404
NOCC(=O)O,5.526469238
CN1CCN(C2=Nc3cc(Cl)ccc3N(NC(=O)c3ccccc3NC3CCCCC3)c3ccccc32)CC1,7.207608311
O=c1[nH]c2ccccc2n1CCCN1CCC(n2c(=O)[nH]c3cc(Cl)ccc32)CC1,5.151527606
NC(=O)c1cnccn1,8.036212173
COc1c(O)ccc2c1CN1CCc3cc4c(cc3[C@H]1C2)OCO4,6.247951552000001
CN1CCN(C2=Nc3cc(Cl)ccc3N(NC(=O)c3ccc(Cl)c(Cl)c3)c3ccccc32)CC1,7.920818754
CCOc1c(C(=O)NN2c3ccc(Cl)cc3N=C(N3CCN(C)CC3)c3ccccc32)sc2ccccc12,7.552841969
COc1cc(CCNC[C@H](O)c2ccc(O)c3[nH]c(=O)ccc23)ccc1OCCCc1ccccc1,4.958607315
CCCN(CCC)CCc1ccc(O)c(O)c1,6.118957892
C=CCNC[C@@H]1OC(C2CCCCC2)Cc2c1ccc(O)c2O,7.332547047
CC(C)NCC(O)COc1cccc2ccccc12,4.849999245
CN1CCN(C2=Nc3cc(Cl)ccc3N(NC(=O)c3ccccc3-n3ccnc3)c3ccccc32)CC1,7.055517328
Clc1ccc(N2CCN(CCCCCc3nc4ccccc4o3)CC2)cc1,5.100234198
O=C(/C=C/c1ccc(O)cc1)c1ccc(O)cc1O,4.800000875
OCCN1CCN(CC/C=C2/c3ccccc3Sc3ccc(C(F)(F)F)cc32)CC1,7.07007044
Cn1c(=O)c2nc(C3CCCC3)[nH]c2n(C)c1=O,8.13667714
CC(=O)N[C@@H](CS)C(=O)O,5.53572661
CC(C)[C@H](NC(=O)[C@@H]1C=C2c3cccc4[nH]cc(c34)C[C@H]2N(C)C1)C(=O)N[C@@H](Cc1ccc(F)cc1)C(=O)N1CCC[C@H]1C(N)=O,6.22184875
Cn1c2cnc1OCC/C=C\CCCCOc1ccccc1-2,5.958607315
COc1ccc([C@@H]2Sc3ccccc3N(CCN(C)C)C(=O)[C@@H]2OC(C)=O)cc1,6.086239114
Cc1cc(Oc2nccc3[nH]ccc23)ccc1-c1cncc2nccn12,7.010995384
OCC1NCC(O)C(O)C1O,5.08621263
CCCN1CCO[C@@H]2c3cc(O)ccc3OC[C@H]21,5.186212254
COc1cc2c(cc1OC)[C@@H]1Cc3c(CO)c(OC)cc(OC)c3CN1CC2,7.050780817000001
COc1cc(NS(C)(=O)=O)ccc1Nc1c2ccccc2nc2ccccc12,6.1919241320000005
O=Nc1c(-c2c(O)[nH]c3ccccc23)[nH]c2ccccc12,5.21074372
CC(=O)OCC1=C(C(=O)O)N2C(=O)[C@@H](NC(=O)CCC[C@@H](N)C(=O)O)[C@H]2SC1,5.236235184
Cc1cc(Oc2ncccc2C(F)F)ccc1-c1c(C)c(=O)[nH]c(=O)n1C,7.442492798
CN(C)C(=O)N[C@H]1CC[C@H](CCN2CCN(c3cccc(Cl)c3Cl)CC2)CC1,5.677780705
COc1cc2nc(N3CCN(C(=O)OCc4ccccc4)C(C(=O)NC(C)(C)C)C3)nc(N)c2cc1OC,5.986194072999999
COc1ccccc1N1CCN(CCCCNC(=O)c2cccn3nccc23)CC1,5.638272164
NC1=NCCc2cc(Cl)c(O)cc2N1,4.9913998280000005
COc1cc2c(cc1O)[C@@H]1Cc3cc(C)cc(C)c3CN1CC2,7.419531216
Nc1ccc(CCN2CCN(c3cccc(C(F)(F)F)c3)CC2)cc1,6.0863715570000005
CCCN(CCCCNC(=O)N=Nc1ccc(F)cc1)C1Cc2ccccc2C1,5.48148606
CN1CCc2ccccc2Cc2c([nH]c3ccccc23)CC1,7.54515514
CN(CCCC12CCC(c3ccccc31)c1ccccc12)Cc1ccc(OCCCN2CCCCC2)cc1,6.692503962000001
CCn1cnc2c(Nc3cccc(Cl)c3)nc(N[C@@H]3CCCC[C@@H]3N)nc21,4.700000504
CN1CCN(C2=Nc3cc(Cl)ccc3N(NC(=O)c3cc(F)ccc3C(F)(F)F)c3ccc(Cl)cc32)CC1,7.619788757999999
[N-]=[N+]=Nc1ccc(C(=O)CSC[C@H](NC(=O)CC[C@H](N)C(=O)O)C(=O)NCC(=O)O)cc1,5.586230982000001
CCC1(C2=NCCN2)Cc2ccccc2O1,5.636237641
O=C(NCCCCN1CCN(c2cccc(Cl)c2Cl)CC1)c1cc2cc(I)ccc2o1,5.534617149
CCN(CC)C(=O)[C@@H]1C=C2c3cccc4[nH]cc(c34)C[C@H]2N(C(=O)Nc2ccccc2)C1,5.30980392
C=CCN1CCc2cc(Br)c(O)cc2C(c2ccccc2)C1,9.045757491
CN1CCN(C2=Nc3cc(Cl)ccc3N(NC(=O)c3cccs3)c3ccccc32)CC1,7.853871964
CN1CCN(c2nc3cc(C(F)(F)F)ccc3n3cccc23)CC1,5.227843386
COc1cc2c(cc1OC)[C@@H]1Cc3cc(C)cc(C)c3CN1CC2,6.2917066020000005
CCNC(=O)Nc1ccc2c(c1)CC[C@H]1[C@H]2c2cc(O)c(Cl)cc2CCN1C,8.823908741
Nc1nc(Cl)nc2c1ncn2[C@@H]1O[C@H](COP(=O)(O)OP(=O)(O)OP(=O)(O)O)[C@@H](O)[C@H]1O,5.550249127000001
Clc1cc(I)cc(Cl)c1N=C1NCCN1,5.01826518
OCc1c[nH]cn1,5.986236145
CN1CCN(C2=Nc3cc(Cl)ccc3N(NC(=O)c3c(F)cccc3C(F)(F)F)c3ccccc32)CC1,8.619788758
Oc1cc2c(cc1O)[C@H]1c3ccccc3CN[C@@H]1CC2,6.614539978
COc1ccc2c(c1)Cc1ccccc1CCCN(C)CC2,6.863279433
COc1cc2c(cc1OC)C1Cc3cc(C)cc(C)c3CN1CC2,5.661760707999999
Cc1cc2c(s1)Nc1ccccc1N=C2N1CCN(C)CC1,7.072857853
COc1c(OCCF)cccc1C(=O)C1CCN(CCc2ccc(F)cc2)CC1,5.850780887000001
Clc1cccc(N2CCN(CCCc3cn(-c4ccn5nccc5c4)nn3)CC2)c1Cl,6.958607315
COc1ccccc1OCCNC[C@H](O)c1ccc(O)c(O)c1,6.050609992999999
CN1CCN(C2=Nc3cc(Cl)ccc3N(NC(=O)c3ccc(C(F)(F)F)cc3)c3ccccc32)CC1,7.167491087
CNC[C@H](O)c1ccc(O)c(O)c1,4.911873129
O=c1n(CCCN2CCN(c3cccc(Cl)c3)CC2)nc2ccccn12,5.191920754
CCCCCCCCCC(=O)NC(CN1CCOCC1)[C@H](O)c1ccccc1,4.95083045
CN1CCCc2cc(O)ccc2Cc2ccccc2C1,5.684029655
NC[C@@H]1OC(CCc2ccccc2)Cc2c1ccc(O)c2O,8.283996656000001
O=Cc1cnn2ccc(-n3cc(CCCCN4CCN(c5cccc(Cl)c5Cl)CC4)nn3)cc12,5.823908741
O=C1c2ccccc2CCCN1CCCN1CCN(c2cccc(C(F)(F)F)c2)CC1,5.30999984
COc1cc2c(cc1O)C(C)N(Cc1cccc(O)c1OC)CC2,6.079354999
Cc1cc2c(s1)Nc1ccccc1N=C2N1CCNCC1,6.692503962000001
N[C@@H](Cc1ccc(O)c(O)c1)C(=O)O,5.08621263
N[C@H]1CONC1=O,5.336214297
CC(=O)[C@]1(O)Cc2c(O)c3c(c(O)c2[C@@H](O[C@H]2C[C@H](N)[C@H](O)[C@H](C)O2)C1)C(=O)c1ccccc1C3=O,5.073151857
O=C1N(c2ccccc2)c2ccccc2C1(Cc1ccncc1)Cc1ccncc1,5.936253937999999
OCCN1CCN(CCCN2c3ccccc3Sc3ccc(C(F)(F)F)cc32)CC1,6.828741725
CN1CCc2cc(Cl)c(O)cc2[C@H]2c3cccc(NS(C)(=O)=O)c3CC[C@@H]21,8.327902142000001
CCCCn1cc(CCCOc2ccc(C(=O)NCCCCN(CCC)[C@H]3CCc4c(O)cccc4C3)cc2OC)nn1,5.537602002000001
Cc1ccc(CN2CCC(n3c(O)nc4ccccc43)CC2)c(Cl)c1,5.562249437
O=C1NCN(c2ccccc2)C12CCN(CCCC(c1ccc(F)cc1)c1ccc(F)cc1)CC2,5.478352051
Oc1cc2c(cc1O)C(c1ccccc1)CNCC2,6.567465908
CCCc1cc2c(s1)CN[C@H]1CCc3cc(O)c(O)cc3[C@H]21,5.624336386
Oc1ccc2c(c1)CCCNCCc1ccccc1C2,6.536107011
Fc1ccc2c(c1)CC(CCN1CCN(c3ccc(Cl)cc3)CC1)C2,6.0772745420000005
CN1CCc2ccc(CO)c3c2[C@H]1Cc1ccc(O)c(O)c1-3,6.260823368
CCCN1CCc2cccc3c2[C@H]1Cc1cccc(OCc2cn(CCCCN4CCN(c5ccccc5OC)CC4)nn2)c1-3,5.795880017000001
CCCN(CCC)[C@H]1CCc2c(F)ccc(O)c2C1,5.136213347
Cc1nn(-c2ccccc2)c(C)c1/C=N/N1CCN(Cc2ccccc2)CC1,5.436234225
COc1ccccc1N1CCN(CC(O)COc2cccc3ccccc23)CC1,5.436234225
Cc1cc(Oc2ncccc2OC(F)F)ccc1-c1c(C)ncc(=O)n1C,7.060480747000001
O=Cc1cnn2ccc(-n3cc(CCN4CCN(c5cccc(Cl)c5Cl)CC4)nn3)cc12,6.795880017000001
CN(C)CCCN1c2ccccc2CCc2ccc(Cl)cc21,5.962025999
CN1CCC[C@H]1c1cccnc1,6.836242476000001
Cc1cc(Oc2ncccc2C(F)F)ccc1-c1c(C)c(=O)[nH]c(=O)n1C1CC1,7.236572006
CC(N)(Cc1ccc(O)c(O)c1)C(=O)O,5.486236545
CN1CCN(C2=Nc3cc(Cl)ccc3N(NC(=O)c3ccc(Cl)cc3)c3ccccc32)CC1,7.455931956000001
NS(=O)(=O)c1cc2c(cc1Cl)NC(C1CC3C=CC1C3)NS2(=O)=O,5.186238927
Clc1ccc(N2CCN(Cc3c[nH]c4ncccc34)CC2)cc1,5.490132427000001
OC[C@H]1[C@H]2CN(Cc3ccccc3)[C@H](c3ccccc3)[C@H]2[C@@H]1N1CCCCC1,4.356547324
CCCN1CCc2cc(OC)cc3c2[C@H]1Cc1ccc(O)c(O)c1-3,8.091514981
CN1CCc2ccc(O)cc2[C@@H](c2ccccc2)C1,8.22184875
CN(C)CCC=C1c2ccccc2C=Cc2ccccc21,6.178355482000001
Cc1c(C(=O)c2ccc(Cl)cc2)c2ccc(OC(F)(F)F)cc2n1Cc1cccc(O[C@H](C)C(=O)O)c1,5.815308569
C=CCc1ccccc1OCC(O)CN[C@]1(C)CCC[C@H](C(C)(C)NC(=O)CBr)C1,4.849999245
CN1CCc2cc(Cl)c(O)cc2[C@@H](c2cccc3ccoc23)C1,8.22184875
CN1CCN(C2=Nc3cc(Cl)ccc3N(NC(=O)c3cc(F)c(F)c(F)c3F)c3ccc(Cl)cc32)CC1,7.008773924
Clc1cc(Cl)c(OCC#CI)cc1Cl,6.3741732870000005
CN1CCN(C2=Nc3ccccc3N(NC(=O)c3cc(F)c(F)c(F)c3F)c3ccc(Cl)cc32)CC1,6.806875402
Clc1ccc2c(c1)N=C(N1CCN(Cc3cccc4c3OCO4)CC1)c1ccccc1N2,6.195860568
COc1ccccc1N1CCN(CCCCNC(=O)N=Nc2ccc(F)cc2)CC1,5.886056647999999
COc1cc2nc(N3CCN(C(=O)C4CCCO4)CC3)nc(N)c2cc1OC,4.800000875
C=C(C)c1cccnc1Oc1ccc(-c2c(C)c(=O)[nH]c(=O)n2C)c(C)c1,8.074687909
Cc1ccc([N+](=O)[O-])cc1S(=O)(=O)N(C)C,5.236235184
COc1ccc2c(c1)CCN1CCc3ccccc3C21,5.674484337000001
CN1CCN(C2=Nc3cc(Cl)ccc3N(NC(=O)c3c(N)cccc3Cl)c3ccccc32)CC1,8.66756154
c1ccc(Cc2ccccc2OCCN2CCOCC2)cc1,6.696803943
Oc1cc2c(cc1Cl)CCN=C(NC1CC1)N2,6.240332155
CCCN(CCc1ccc(N/C(S)=N/c2ccc3c(c2)C(=O)OC32c3ccc(O)cc3Oc3cc(O)ccc32)cc1)C1CCc2c(O)cccc2C1,6.468521083
NC[C@H]1O[C@@H](c2ccccc2)Cc2c1ccc(O)c2O,5.0666139580000005
COc1ccc2c(c1)CCN1CC[C@](O)(c3ccc(Cl)cc3)C[C@H]21,6.598599459
OC(c1ccccc1)c1ccccc1OCCN1CCCC1,5.581532979
CN1CCN(C2=Nc3cc(Cl)ccc3N(NC(=O)c3c(Cl)cc(Cl)cc3Cl)c3ccccc32)CC1,8.397940009
CN(C)c1ccc(Cc2ccc3c4c2-c2c(ccc(O)c2O)C[C@H]4N(C)CC3)cc1,6.358525889
CCCN1C[C@H](c2ccc(O)cc2)C[C@@H]2c3cc(O)c(O)cc3CC[C@H]21,6.03574037
C=CCN1CCc2c(cc(O)c(O)c2Cl)C(c2ccccc2)C1,7.592439151000001
Cc1cc(Oc2ncc(Cl)c(C)c2Cl)ccc1-c1c(C)c(=O)[nH]c(=O)n1C,7.41453927
COc1ccccc1N1CCN(CCCCNC(=O)c2cc3cc(I)ccc3o2)CC1,6.045757491
CC[C@@H](CO)NC(=O)[C@@H]1C=C2c3cccc4[nH]cc(c34)C[C@H]2N(C)C1,6.319791438999999
Cc1ccccc1S(=O)(=O)N1c2ccc(Cl)cc2N=C(N2CCN(C)CC2)c2ccccc21,7.148741651
CN(C)CC/C=C1/c2ccccc2Sc2cc(Cl)ccc21,6.777934157000001
Cc1scc2c1N(C(=O)CN1CCN(C)CC1)c1ccccc1NC2=O,5.436234225
CN1CCc2cc(Br)c(O)cc2C(c2ccccc2)C1,9.522878745
O=C(CCCN1CC=C(n2c(=O)[nH]c3ccccc32)CC1)c1ccc(F)cc1,6.086716097999999
C=CCN1CCc2cc(Cl)c(O)cc2C(c2ccccc2)C1,8.920818753999999
CN1CCc2cc(Cl)c(O)cc2[C@H]2c3cc(CN4CCCCC4)ccc3CC[C@@H]21,6.647817482000001
N=C(N)N/N=C/c1c(Cl)cccc1Cl,5.001524876
Cc1ccccc1C(=O)N1c2ccc(Cl)cc2N=C(N2CCN(C)CC2)c2ccccc21,5.909389292
CC(=O)N1CCN(c2ccc(OC[C@@H]3CO[C@@](Cn4ccnc4)(c4ccc(Cl)cc4Cl)O3)cc2)CC1,4.624595211
CCS(=O)(=O)Nc1cccc2c1CC[C@H]1[C@H]2c2cc(O)c(Cl)cc2CCN1C,8.236572006
CN1CCc2cc(Cl)c(O)cc2[C@H]2c3cccc(-c4cccc(C#N)c4)c3CC[C@@H]21,9.22184875
CN1CCc2ccccc2Cc2sccc2CC1,7.22184875
COc1cc2c(cc1O)C[C@H]1c3c(cc(OC)c(OC)c3-2)CCN1C,6.428291168
CCCN(CCC)[C@@H]1CCc2cccc(O)c2C1,5.136213347
O=C(CCCN1CCC(O)(c2ccc(Cl)cc2)CC1)c1ccc(F)cc1,5.736271712000001
COc1cc2c(cc1O)[C@@H]1Cc3cc4c(cc3CN1CC2)OCO4,8.37675071
Cc1ccc(S(=O)(=O)/C=C/C#N)cc1,4.899998417
CN1CCc2cc(Br)c(O)cc2C(c2ccc(N/C(S)=N/c3ccc4c(c3)C(=O)OC43c4ccc(O)cc4Oc4cc(O)ccc43)cc2)C1,7.795880017000001
Oc1ccc2c(c1)O[C@@H](CN1CCN(c3ccc(I)cc3)CC1)CC2,4.41623735
CCCN(CCC)CCc1cccc2c1CC(=O)N2,4.488116638999999
COc1cc2c(cc1O)[C@H]1C[C@@](O)(c3ccc(Cl)cc3)CCN1CC2,8.22184875
CCCNCC(O)COc1ccccc1C(=O)CCc1ccccc1,5.0
COc1ccccc1N1CCN(CCCN2CCCc3ccccc3C2=O)CC1,5.599999382999999
CN1CCc2c3c(cc4c2[C@H]1Cc1ccc(O)c(O)c1-4)SCCC3=O,6.853871964
O=C(O)/C=C/C(O)c1ccc(Cl)cc1,5.336242554
Oc1ccc(C2CNCCc3c2cc(O)c(O)c3Cl)cc1,7.46470588
Cc1n[nH]c(=O)c(C)c1-c1ccc(Oc2nccc3n[nH]cc23)cc1,7.388276692000001
CSc1ccc2c(c1)N(CCC1CCCCN1C)c1ccccc1S2,5.98444466
CCCN1C[C@H](Cn2ccc(-c3ccccc3)n2)O[C@@H]2Cc3c(O)cccc3C[C@H]21,6.443697499
COc1cc(OC)c2c(c1CO)C[C@H]1c3cc4c(cc3CCN1C2)OCO4,6.596707855
O=C(NCCCCN1CCN(c2cccc(Cl)c2Cl)CC1)c1cc2ccc1CCc1ccc(cc1)CC2,5.552841969
CN1[C@H]2CC[C@@H]1C[C@H](OC(=O)c1cc(Cl)cc(Cl)c1)C2,5.129125182
CCCc1c(-c2ccc(O)cc2)nn(-c2ccc(O)cc2)c1-c1ccc(O)cc1,4.849999245
COc1ccccc1N1CCN(CCCCNC(=O)c2ccc3ccccc3c2)CC1,5.487272257000001
C#CCNC[C@@H]1OC(C2CCCCC2)Cc2c1ccc(O)c2O,7.903089987
CN1CCC(c2c[nH]c3ccc(O)cc23)CC1,5.435554887
CCCN(CCNC(=O)/C=C/c1ccc(F)cc1)C1Cc2ccccc2C1,5.657577319
OC(CN1CCC(Cc2ccc(F)cc2)CC1)c1ccc(Cl)cc1,4.801488619
C#CC1=CC[C@@H](N(CCC)CCCCNC(=O)c2ccc(-c3ccccc3)cc2)CC1,4.886056648
CN1CCN(C2Cc3ccccc3Sc3ccc(Cl)cc32)CC1,5.419025632
COc1cccc(OC)c1C(=O)NN1c2ccccc2N=C(N2CCN(C)CC2)c2cc(Cl)ccc21,8.22184875
CN1CCc2cc(O)ccc2Cc2[nH]c3ccccc3c2CC1,8.431798276
COc1cc2c(cc1OC)[C@@H]1Cc3ccc(O)c(OC)c3CN1CC2,5.121669735
N=C(N)Nc1ccccc1,7.966576245
CCCCOC(=O)NS(=O)(=O)c1sc(CC(C)C)cc1-c1ccc(Cn2c(CC)nc3c(C)cc(C)nc32)cc1,5.399996913
COc1cc2c3c(c1)-c1c(N)cccc1C[C@H]3N(C)CC2,7.107905397000001
CCCN(CCc1cccs1)[C@H]1CCc2c(O)cccc2C1,7.552841969
CC(CN(C)C)CN1c2ccccc2CCc2ccccc21,6.060755388
COc1cccc(OC)c1OCCNCC1COc2ccccc2O1,6.808548986
OC(CCN1CC=C(Cc2ccccc2)CC1)c1cc2ccccc2s1,5.015472687
CN(C)C1C=CC2(CC1)c1ccccc1C=Cc1ccc(Cl)cc12,8.769551079
O=C(OCCN1CCN(CCCN2c3ccccc3Sc3ccc(C(F)(F)F)cc32)CC1)c1ccc(OCCCN2CCCCC2)cc1,6.692503962000001
COc1cccc(C(=O)NN2c3ccc(Cl)cc3N=C(N3CCN(C)CC3)c3ccccc32)c1,7.886056647999999
Cc1ncnc(C)c1-c1ccc(Oc2nccc3n[nH]cc23)cc1C#N,6.407823242999999
CC(C)[C@H](NC(=O)[C@H]1C=C2c3cccc4[nH]cc(c34)C[C@H]2N(C)C1)C(=O)N[C@@H](Cc1ccc([N+](=O)[O-])cc1)C(=O)N1CCC[C@H]1C(N)=O,6.15490196
CN1CCN(C2=Nc3ccccc3Oc3ccc(Cl)cc32)CC1,6.746258263
Cc1ccc(N2CCN(CCCCc3ccc(F)cc3)CC2)nc1,6.281577205
OCCCNC[C@@H]1OC(C2CCCCC2)Cc2c1ccc(O)c2O,5.759450752
CN1CCc2cc(Cl)c(O)cc2[C@H]2c3cccc(C(=O)O)c3CC[C@@H]21,7.420216402999999
CC[n+]1c(C=CC=C2N(C)c3ccccc3C2(C)C)sc2ccccc21,4.949999402
CCCC(=O)NN1c2ccc(Cl)cc2N=C(N2CCN(C)CC2)c2ccccc21,6.812479279
Cc1cc(Oc2ncccc2C(F)(F)F)ccc1-c1c(C)c(=O)[nH]c(=O)n1C,7.830619505
Cc1ncnc(C)c1-c1ccc(Oc2nccc3[nH]ccc23)c(F)c1F,7.269217724
Cc1cc(Oc2ccccn2)ccc1-c1c(C)c(=O)[nH]c(=O)n1C,6.806875402
OC[C@@H]1[C@@H]2CN(Cc3ccccc3)[C@@H](c3ccccc3)[C@@H]2[C@H]1N1CCCCC1,4.30980392
CCCc1ccc2c(n1)CN[C@@H]1CCc3cc(O)c(O)cc3[C@@H]21,7.571865206
COc1ccccc1OCCNC[C@@H](O)c1ccc(O)c(O)c1,6.366531544
CN1CCc2ccccc2Cc2[nH]c3ccc(O)cc3c2CC1,9.250921033
COc1ccc2c(c1)CCN1Cc3ccccc3CC21,6.73754891
Cc1cc2c(C(C)C)c(O)c(O)c(C=O)c2c(O)c1-c1c(C)cc2c(C(C)C)c(O)c(O)c(C=O)c2c1O,4.757253647
COc1ccccc1N1CCN(CCCCNC(=O)c2cnn3ccccc23)CC1,5.823908741
CCCN1C[C@@H](Cn2cncn2)O[C@@H]2Cc3c(O)cccc3C[C@H]21,6.638272164
O=C(Nc1nc2ccccc2n1CCN1CCOCC1)c1cccc([N+](=O)[O-])c1,6.236272596
CCc1cc(Cl)c(OC)c(C(=O)NC[C@@H]2CCN(CC)C2)c1O,4.949999402
O=C(O)CC[C@@H](C(=O)O)N1C(=O)c2ccccc2C1=O,6.586197482999999
CN1CCc2cc(Cl)c(O)cc2[C@H]2c3cccc(-c4ccncc4)c3CC[C@@H]21,9.522878745
Oc1ccc([C@H]2CN[C@@H]3CCc4cc(O)c(O)cc4[C@H]3C2)cc1,6.2596373110000005
OC1(c2ccc(Cl)cc2)CCN(Cc2c[nH]c3ccccc23)CC1,5.284435348
O=c1[nH]c2ccc(OCCN3CCN(c4ccccc4Cl)CC3)cc2[nH]1,6.392544977000001
CN1CCc2cc(Cl)c(O)cc2[C@H]2c3ccccc3C[C@@H]21,8.15490196
CN1CCc2ccccc2Cc2cc(O)c(O)cc2CC1,6.7426814870000005
Clc1ccc(N2CCN(CCCCc3nc4ccccc4s3)CC2)cc1,5.721932669
Oc1cc2c(cc1O)CN(C(=S)NCCc1ccc(Cl)cc1)CCC2,5.953426802
CN(N=O)c1ccc(O)c(O)c1,4.986215108000001
CCOC(=O)C1=C[C@]2(CC)CCCN3CCc4c(n1c1ccccc41)[C@@H]32,5.215503956
CC(C)N(CCC(=O)c1ccc2ccccc2c1)Cc1ccccc1,4.650000221
CN1CCCc2ccccc2Cc2[nH]c3ccccc3c2CC1,8.629425234
CC(C)C[C@H]1C(=O)N2CCC[C@H]2[C@]2(O)O[C@](NC(=O)[C@@H]3C=C4c5cccc6[nH]c(Br)c(c56)C[C@H]4N(C)C3)(C(C)C)C(=O)N12,5.568687711
O=c1c(O)c(-c2cc(O)c(O)c(O)c2)oc2cc(O)cc(O)c12,5.050000456999999
COc1cccc(OC)c1C(=O)NN1c2ccc(Cl)cc2N=C(N2CCN(C)CC2)c2ccccc21,8.886056648
CCc1ccc2c(c1)[C@@H]1c3cc(O)c(O)cc3CC[C@H]1NC2,7.537602002000001
Cc1cc(Oc2ncccc2Cl)ccc1-c1c(C)n[nH]c(=O)c1C,7.515700161
CN1CCCc2ccccc2Cc2cc(O)ccc2CC1,7.15490196
COc1ccc(/C=C/C2=NCCc3cc(Cl)c(O)cc3N2)cc1,6.68613278
CCNC(=O)Nc1cccc2c1CC[C@H]1[C@H]2c2cc(O)c(Cl)cc2CCN1C,8.619788758
Cn1c(=O)c2nc(-c3ccc(S(=O)(=O)O)cc3)[nH]c2n(C)c1=O,5.336214297
COc1cc2c(cc1O)[C@H]1Cc3ccc(OC)c(OC)c3CN1CC2,8.180456064
CCCCCCCCCCCCCCC[C@H](O)[C@H](N)CO,8.387216143
CCc1c(-c2ccc(Oc3ncccc3Cl)cc2)n(C)c(=O)[nH]c1=O,7.08249449
Cc1c(-c2ccc(Oc3ncccc3Cl)cc2)n(C)c(=O)[nH]c1=O,7.058985756
COc1ccccc1N1CCN(CCCCNC(=O)c2ccc3ccnn3c2)CC1,5.698970004
O=C(c1ccc(OCCN2CCCCC2)cc1)c1c(-c2ccc(O)cc2)sc2cc(O)ccc12,5.697012857000001
[C-]#[N+]c1c(C)ccnc1Oc1ccc(-c2c(C)c(=O)[nH]c(=O)n2C)c(C)c1,7.338187314
CC(=O)NNC(=O)N1Cc2ccccc2Oc2ccc(Cl)cc21,5.286215547
CC(C)(C)C1Cc2c(ccc(O)c2O)[C@H](CN)O1,7.785156152000001
Cc1cccc(C(=O)NCN2CCN(c3ccccc3C#N)CC2)c1,5.065504074
COc1ccccc1N1CCN(CCCCNC(=O)c2cccc3ccnn23)CC1,5.920818754
Cc1cc(Oc2nccc3[nH]ccc23)ccc1-c1c(C)ncc2nccn12,8.097997109
O=C(O)C1CCCN(CCC=C(c2ccccc2)c2ccccc2)C1,5.386211015
CCc1c(-c2ccc(Oc3ncccc3C(F)F)cc2C)n(C)c(=O)[nH]c1=O,7.084600165
NCCc1ccc(O)cc1,3.5804851
COc1cccc(OC)c1OCCNCC1CSc2ccccc2O1,6.251889533
COC(=O)[C@@H](N)Cc1ccc(O)c(O)c1,4.536212986000001
CN(CCC=C1c2ccccc2CCc2ccccc21)C(=O)Cc1ccc(OCCCN2CCCCC2)cc1,6.056011125
Cc1ncnc(C)c1-c1ccc(Oc2nccc3[nH]ccc23)cc1Cl,8.007004902
CNCCCN1c2ccccc2CCc2ccccc21,5.185229833999999
Cc1cc(Oc2ncccc2C(F)(F)F)ccc1-c1c(C)n[nH]c(=O)c1C,7.513569521
Cc1ccc(N2CCN(CCCSc3ccc(F)cc3)CC2)nc1,6.651821742999999
NCC1OCCc2c1ccc(O)c2O,6.30980392
O=C1c2ccccc2CCN1CCCCN1CCN(c2ccccc2Cl)CC1,6.459996055
CCCN1CCC[C@H](c2cccc(O)c2)C1,5.286215547
COc1cc(/C=C(\C#N)C(=O)c2ccc(O)c(O)c2)cc(I)c1O,5.050907758
Oc1ccc2c(c1)CCN1Cc3ccccc3CC21,6.866461092000001
CN1CCc2cc(Cl)c(O)cc2[C@H]2c3cccc(C=O)c3CC[C@@H]21,8.585026652
Cc1cc(Oc2ncccc2Cl)ccc1-c1c(C)c(=O)[nH]c(=O)n1C,7.775596442
COc1ccc2c(c1)CCN(C)CCc1ccccc1C2,7.57672135
Cc1ccccc1-c1cc2c(cc1O)C(c1ccccc1)CN(C)CC2,6.040005162000001
O=C(NN1c2ccc(Cl)cc2N=C(N2CCN(Cc3cccc4c3OC(F)(F)O4)CC2)c2ccccc21)c1ccccc1Cl,5.32339783
CN1CCc2cc(Cl)c(O)cc2[C@H]2c3cccc(NC(=O)Nc4c(Cl)cccc4Cl)c3CC[C@@H]21,8.148741651
CN1CCc2cc(Cl)c(O)cc2[C@H]2c3ccccc3CC[C@@H]21,8.809668302
Cc1cc(Oc2nccc(C)c2F)ccc1-c1c(C)c(=O)[nH]c(=O)n1C,7.441291429
CC(C(O)c1ccc(O)cc1)N1CCC(Cc2ccccc2)CC1,5.404195252
CSc1ccc(C(=O)c2[nH]c(=O)[nH]c2C)cc1,5.636237641
CCCCC(=O)Oc1cccc2c1-c1cc(OC)cc3c1[C@@H](C2)N(C)CC3,6.935542011
NC[C@@H]1OC(Cc2ccccc2)Cc2c1ccc(O)c2O,7.463441557
CN1C[C@H](C(=O)N[C@@H](Cc2ccc([N+](=O)[O-])cc2)C(=O)N[C@@H](Cc2ccc(F)cc2)C(=O)N2CCCC(C(N)=O)C2)C=C2c3cccc4[nH]cc(c34)C[C@H]21,6.15490196
CN1CCN(C2=Nc3cc(Cl)ccc3N(NC(=O)c3ccc(Br)cc3)c3ccccc32)CC1,7.853871964
CN1CCCc2cc3c(cc2-c2ccccc2CC1)OCO3,5.32348929
CN1CCN(C2=Nc3cc(Cl)ccc3N(NC(=O)c3nccc4ccccc34)c3ccccc32)CC1,7.638272164
Cn1cnc2c(NCc3ccccc3)nc(NCCO)nc21,8.431798276
COc1cc(CCNC[C@H](O)c2ccc(O)c3c2OCC(=O)N3)ccc1OCCCc1ccccc1,5.346787486
CN1CCN(C2=Nc3cc(Cl)ccc3N(NC(=O)c3ccccc3Cl)c3ccccc32)CC1,8.439694757
CCCCCCCC/C=C\CCCCCCCC(=O)NCCO,4.499999679
O=C(c1ccc(F)cc1)C1CCN(CCn2c(=O)[nH]c3ccccc3c2=O)CC1,5.64532824
CN1CCc2cc(Cl)c(O)cc2[C@H]2c3ccc(NC(=O)Nc4c(Cl)cccc4Cl)cc3CC[C@@H]21,9.15490196
CCN(CC)[C@@H]1[C@@H]2[C@@H](CN(Cc3ccccc3)[C@H]2c2ccc(Br)cc2)[C@H]1CO,5.0969100130000005
CC1(C)CCC2=C(O1)c1ccccc1C(=O)C2=O,6.336204877999999
CN1CCN(C2=Nc3cc(Cl)ccc3N(N)c3ccccc32)CC1,6.552841969
Nc1ncnc2c1c(-c1ccc(Oc3ccccc3)cc1)cn2C1CCCC1,5.078352535
N[C@H](C(=O)O)c1cc(O)cc(O)c1,4.727841497
OCCN1CCN(CCCN2c3ccccc3Sc3ccc(Cl)cc32)CC1,5.201395387
COc1ccccc1N1CCN(CCCCNC(=O)c2ccn3nccc3c2)CC1,5.823908741
Brc1ccc(NCCN2CCN(CCc3c[nH]c4ccccc34)CC2)cc1,6.318758763
Oc1ccc2c(c1)CCNCCc1ccccc1C2,7.199970641
Cc1cc(Oc2ncccc2OC(F)F)ccc1-c1c(C)n[nH]c(=O)c1C,7.064492734
Oc1ccc([C@@H]2CNCCc3c2cc(O)c(O)c3Cl)cc1,5.740406121
CN1CCc2ccccc2Cc2cc(N)c(O)cc2CC1,7.821023052999999
CN1CCN(C2=Nc3cc(Cl)ccc3N(NC(=O)c3ccc4c(c3)OCO4)c3ccccc32)CC1,7.251811973
CCCCCCC1Cc2c(ccc(O)c2O)[C@H](CN)O1,7.866461092000001
CCCN(CCc1ccccc1)C1CCc2c(O)cccc2C1,6.383550744
CCCN1CCc2cc(C)cc3c2[C@H]1Cc1ccc(O)c(O)c1-3,6.555955204
CSc1ccc(/C=C2/C(C)=C(CC(=O)O)c3cc(F)ccc32)cc1,4.68055039
COc1ccc(C(CN(C)C)C2(O)CCCCC2)cc1,5.286215547
CN1CCc2cc(N)c(O)cc2C(c2ccccc2)C1,6.476253533
Cc1ccc(N2CCN(CCCOc3ccc(F)cc3)CC2)nc1,6.582503396
CCc1ccc(/C=C2/SC(=S)NC2=O)cc1,4.849999245
C[N+](C)(C)CCOC(=O)CCC(=O)OCC[N+](C)(C)C,5.54999737
CCCN1CC[C@@H]2c3cc(O)ccc3CC[C@@H]21,5.16814515
CC(C)(C)c1ccc(C(=O)CCCN2CCC(OC(c3ccccc3)c3ccccc3)CC2)cc1,5.527975302000001
CN(CCCN1c2ccccc2Sc2ccc(Cl)cc21)Cc1ccc(OCCCN2CCCCC2)cc1,6.634512015
Cn1cc(C2=C(c3ccc(Cl)cc3Cl)C(=O)NC2=O)c2ccccc21,5.001524876
O=C1Nc2ccccc2C1CCCCN1CCN(c2ccc(Cl)cc2)CC1,5.619788757999999
COc1ccccc1N1CCN(CCCCCNC(=O)c2cnn3ccccc23)CC1,5.958607315
Cn1cc(C(=O)C(=O)N[C@@H]2CN3CCC2CC3)c2ccccc21,4.0
Cn1cc(C(=O)C(=O)N[C@H]2CN3CCC2CC3)c2ccccc21,4.0
Cc1cc(Oc2ncccc2Cl)ccc1-c1c(C)cnc(=O)n1C,6.457174573
NC[C@@H]1OC(CC2CCCC2)Cc2c1ccc(O)c2O,8.173925197
O=C(CCCN1CCC2(CC1)C(=O)N(CCc1ccc(Nc3ccc([N+](=O)[O-])c4nonc34)cc1)CN2c1ccccc1)c1ccc(F)cc1,7.004364805
CSc1ncc2c(n1)CC(CN1CCC(c3noc4cc(F)ccc34)CC1)CC2=O,7.480040819
Cc1cc(OCCN(C)C)nc2ccc(NC(=O)COc3ccc(Cl)cc3Cl)cc12,8.124938737
COc1ccc(CN(CCN(C)C)c2ccccn2)cc1,5.686238204
COc1cc(C(=O)NN2c3ccc(Cl)cc3N=C(N3CCN(C)CC3)c3cc(Cl)ccc32)cc(OC)c1OC,7.795880017000001
Cc1c(O)cccc1C(=O)N[C@@H](CSc1ccccc1)[C@H](O)CN1C[C@H]2CCCC[C@H]2C[C@H]1C(=O)NC(C)(C)C,5.013183495
Cc1ncnc(C)c1-c1ccc(Oc2nccc3n[nH]cc23)cc1Cl,7.281498311
NC[C@@H]1OC(C23CC4CC(CC(C4)C2)C3)Cc2c1ccc(O)c2O,8.292429824
Cc1ccc(C(=O)NN2c3ccc(Cl)cc3N=C(N3CCN(C)CC3)c3ccccc32)cc1,8.113509275
COc1ccccc1N1CCN(CCCCN2CCCc3ccccc3C2=O)CC1,5.570000775
CN1CCC[C@@H]1CCO[C@](C)(c1ccccc1)c1ccc(Cl)cc1,5.938924676
CN[C@@H]1C[C@@H](c2ccc(Cl)c(Cl)c2)c2ccccc21,5.227023433
NCC(O)c1ccc(O)cc1,4.6862129
CN1CCc2cc(O)ccc2Cc2ccc(O)cc2CC1,8.576754126
COc1ccccc1N1CCN(CCCn2cc(CN3CCc4cc(O)c(O)cc4C(c4cccc(C)c4)C3)nn2)CC1,6.308034897000001
COc1cc2c(cc1OC)[C@@H]1Cc3ccc(OC)c(O)c3CN1CC2,6.353596274
Oc1ccc2c(c1)O[C@@H](CNCc1ccccc1I)CC2,6.370147157000001
NC[C@@H]1OC(c2ccccc2)Cc2c1ccc(O)c2O,8.677780705
NC[C@@H]1OC(c2cccc(O)c2)Cc2c1ccc(O)c2O,8.455931956
c1ccc2c(c1)CCN1CCc3cccc4[nH]cc(c34)C21,5.736127323
Nc1nc2c(nc(Br)n2C2OC3COP(=O)(O)O[C@@H]3C2O)c(=O)[nH]1,5.636218847
CN1CCN2c3c(cccc31)[C@@H]1C[NH+](CCCC(=O)c3ccc(F)cc3)CC[C@@H]12,7.283996656
O=C(OCCN1CCCC1)N1c2ccccc2Sc2ccccc21,5.229147988
c1ccc(C(NCCNC(c2ccccc2)c2ccccc2)c2ccccc2)cc1,4.949999402
C=CC(=O)c1ccc(CCCCCC)cc1,5.065496499
COc1ccnc(Oc2ccc(-c3c(C)n[nH]c(=O)c3C)c(C)c2)c1C(F)(F)F,8.379863945
CCN(CC)C(=O)N[C@H]1C=C2c3cccc4[nH]cc(c34)C[C@H]2N(C)C1,6.950781977
Cc1cccc(C2CN(CCCc3cn(CCCN4CCN(c5nsc6ccccc56)CC4)nn3)CCc3cc(O)c(O)cc32)c1,6.655607726
O=c1[nH]c2[nH]c(-c3ccccc3)cc2c(=O)n1CCN1CCN(c2ccccc2Cl)CC1,6.287350298
COc1cc2c(cc1O)[C@H]1Cc3ccc(OC)c(O)c3CN1CC2,6.276544328
CN1CCc2ccccc2Cc2c[nH]c3cccc(c23)CC1,8.37675071
Cc1ncnc(C)c1-c1ccc(Oc2nccc3[nH]ccc23)cc1F,7.518557371
O=C1c2ccccc2CCN1CCCN1CCN(c2cccc(Cl)c2Cl)CC1,5.839999931
CN1CCN(C2=Nc3cc(Cl)ccc3N(NC(=O)c3ccc4ccccc4n3)c3ccccc32)CC1,8.0
CCNC(=O)[C@H]1O[C@@H](n2cnc3c(N)ncnc32)[C@H](O)[C@@H]1O,5.936253937999999
CN1CCc2cc(O)c(N)cc2C(c2ccccc2)C1,6.454692884
[Li+],6.086239114
O=C(O)CN(CCOCCOCCN(CC(=O)O)CC(=O)O)CC(=O)O,6.236272596
CN1CCN(C2=Nc3cc(Cl)ccc3N(NC(=O)c3ccon3)c3ccccc32)CC1,7.657577319
Cc1ncnc(C)c1-c1ccc(Oc2nccc3n[nH]cc23)cc1,6.88941029
CCOC(=O)c1cc2cc(OCCCCN3CCN(c4cccc(Cl)c4Cl)CC3)ccn2n1,6.823908741
C[C@H]1Cc2c([nH]c3ccccc23)Cc2ccccc2CCN1C,8.214670165
Cc1cc(Oc2nccc3[nH]ccc23)ccc1-c1c(C)cnnc1C,7.290730039
CN1CCc2cc(Cl)c(O)cc2[C@H]2c3cccc(-c4cccc([N+](=O)[O-])c4)c3CC[C@@H]21,9.22184875
CN(C)[C@H]1CC[C@@H](c2c[nH]c3ccc(F)cc23)C1,4.602059991
O=C(NN1c2ccc(Cl)cc2N=C(N2CCN(Cc3cccc4c3OCO4)CC2)c2ccccc21)c1ccccc1Cl,6.2433638920000005
CCCN(CCCCN1C(=O)CC2(CCCC2)CC1=O)C1COc2cccc(OC)c2C1,4.399999968
Oc1cc2c(cc1Cl)CCNCC2c1ccccc1,8.30980392
CCCN1C[C@H](Cn2cncn2)O[C@@H]2Cc3c(O)cccc3C[C@H]21,6.823908741
COc1cc2c(cc1O)CCN1Cc3c(ccc(OC)c3OC)C[C@@H]21,6.508638306
CN1CCc2c3c(cc4nc(N)sc24)-c2c(ccc(O)c2O)C[C@H]31,5.598599459
CCCN(CCC)[C@@H]1CCc2ccc(O)cc2C1,5.433762907
COc1ccc(CCC(=O)NN2c3ccc(Cl)cc3N=C(N3CCN(C)CC3)c3ccccc32)cc1Cl,7.251811973
CN1C[C@H](C(N)=O)C=C2c3cccc4[nH]c(Br)c(c34)C[C@H]21,5.869666232
CN1CCc2ccccc2Cc2[nH]c3ccccc3c2C[C@H]1CO,6.943095149
COc1c(Cl)cccc1N1CCN(CCCCNC(=O)c2cc3ccc2CCc2ccc(cc2)CC3)CC1,6.0132282660000005
Cc1cc(Oc2ncccc2N2CC(F)(F)C2)ccc1-c1c(C)c(=O)[nH]c(=O)n1C,6.083019952999999
COc1cc2c(cc1O)C1Cc3ccc(OCC4CC4)c(OC)c3CN1CC2,7.920818754
COc1ccccc1C(=O)NN1c2ccc(Cl)cc2N=C(N2CCN(C)CC2)c2ccccc21,7.886056647999999
CC(=O)[C@H]1CC[C@H]2[C@@H]3CC[C@H]4C[C@H](O)CC[C@]4(C)[C@H]3CC[C@]12C,4.636213209
O=C(CCCN1CCCN(c2ccc(Cl)cc2)CC1)c1ccc(F)cc1,6.788612447
COc1cc2c(cc1O)[C@@H]1Cc3ccc(OC)c(OC)c3CN1CC2,8.346787486
O=C1c2ccccc2CCN1CCCCN1CCN(c2cccc(Cl)c2Cl)CC1,5.7499998560000005
O=C1c2ccccc2CCN1CCCN1CCN(c2ccccn2)CC1,5.770000934
COc1cc2c(cc1O)[C@@H]1Cc3sc(CC4CCC4)cc3CN1CC2,6.421040057999999
NCCc1c[nH]c2ccccc12,4.866006279
CCCN1CCc2cccc3c2[C@@H]1Cc1cccc(OCCCCN2CCN(c4ccccc4OC)CC2)c1-3,5.930331903
CN1CCc2cc(Cl)c(O)cc2[C@@H](c2ccc(CNc3ccccc3)cc2)C1,8.698970004
COc1cccc(OC)c1C(=O)NN1c2ccc(Cl)cc2N=C(N2CCN(C)CC2)c2cc(Cl)ccc21,7.958607315
CC1(c2cccc(OCc3ccccc3)c2)C(=O)Nc2cc(Cl)cc(Cl)c2C1=O,6.920818754
O=[N+]([O-])/C=C/c1ccc2c(c1)OCO2,5.0
CCOc1csc(C(=O)NN2c3ccc(Cl)cc3N=C(N3CCN(C)CC3)c3ccccc32)c1,8.0
CNCCCC1c2ccccc2C=Cc2ccccc21,5.177841732
CNCCC(Oc1ccc(C(F)(F)F)cc1)c1ccccc1,4.897127418999999
Cc1cc(Oc2nccc3n[nH]cc23)ccc1-c1c(C)n[nH]c(=O)c1C,7.996539468
Oc1cc2c(cc1Cl)CCN=C(NCCc1ccccc1)N2,6.332547047
Nc1ccc2c3c(cccc13)C(=O)NC2=O,5.140132484
CCCN1CCO[C@@H]2Cc3c(O)cccc3C[C@H]21,6.823908741
O=Nc1c(-c2c(O)[nH]c3cc(Br)ccc23)[nH]c2ccccc12,5.32089931
NCCc1c[nH]c2ccc(O)cc12,5.013676223
C[C@](Cc1ccc(O)c(O)c1)(NN)C(=O)O,4.878665076
CN(C)CC/C=C1\c2ccccc2COc2ccccc21,5.877849681
Cc1ccc(CN2CCN(C3=Nc4cc(Cl)ccc4N(NC(=O)c4ccccc4Cl)c4ccccc43)CC2)c(C)c1,5.959793372
NCCCCCC(=O)O,6.886390849
CCCN(CCCCN1C(=O)CC2(CCCC2)CC1=O)CC1COc2cccc(OC)c2C1,4.860000083
OCCOCCN1CCN(C2=Nc3ccccc3Sc3ccccc32)CC1,5.898831684
c1ccc(CN2CCC3(CCCc4ccccc43)CC2)cc1,5.386242721
O=[N+]([O-])c1ccc(-c2nc(-c3ccc(F)cc3)c(-c3ccncc3)[nH]2)cc1,5.186238927
CC(C)c1cccc(C(C)C)c1O,4.849999245
COc1cc2c(c(OC)c1)CN1CCc3cc(OC)c(O)c(OC)c3[C@@H]1C2,7.123580075
CN1CCN(C2=Nc3ccccc3N(NC(=O)c3ccc4c(c3)OCO4)c3ccc(Cl)cc32)CC1,7.080921908
O=C1c2c(O)cc(O)cc2OC(c2ccc(O)c(O)c2)C1O,7.436518915
COc1ccccc1N1CCN(CCCCNS(=O)(=O)c2cccc3c(N(C)C)cccc23)CC1,5.83636164
CN1CCc2cc(Cl)c(O)cc2[C@H]2c3cccc(/C=N/O)c3CC[C@@H]21,8.795880017
Nc1ccc(CCNc2ncnc3c2ncn3C2OC(CO)C(O)C2O)cc1,5.986236145
Fc1ccc(C(OCCCc2c[nH]cn2)c2ccc(F)cc2)cc1,7.935542011
Cc1cc(Oc2nccc3[nH]ccc23)ccc1-c1c(C)cnn1C,7.458420756000001
CCCc1cc2c(s1)C[C@H]1c3cc(O)c(OC)cc3CCN1C2,7.209363037999999
CC(=O)/C=C1\C(=O)N(C)c2ccccc21,5.119952813
O=C1C(SCCO)=C(SCCO)C(=O)c2ccccc21,5.233538818
CC(C)[C@H]1C(=O)N2CCC[C@H]2[C@]2(O)O[C@](NC(=O)[C@@H]3C=C4c5cccc6[nH]cc(c56)C[C@H]4N(C)C3)(C(C)C)C(=O)N12,6.656591406
CN1CCN(C2=Nc3cc(Cl)ccc3N(NC(=O)c3sccc3-c3ccccc3)c3ccccc32)CC1,7.408935392999999
Cc1cccc(C)c1OCC(C)N,6.186218922
CN(C)c1ccc(/C=C/C2=NCCc3cc(Cl)c(O)cc3N2c2ccccc2)cc1,6.812479279
CCCCc1oc2ccccc2c1C(=O)c1cc(I)c(OCCN(CC)CC)c(I)c1,5.080343234
C1COC(NC(C2CC2)C2CC2)=N1,6.736127323
CN1CCc2ccccc2Cc2ccccc2CC1,7.940307865
COc1ccccc1OCCNCC(O)COc1cccc2[nH]c3ccccc3c12,5.463684654
CC1=NCCc2cc(Cl)c(O)cc2N1c1ccsc1,7.060480747000001
Cc1cccc(C2CN(CCCc3cn(CCCN4CCN(c5ncccn5)CC4)nn3)CCc3cc(O)c(O)cc32)c1,6.016373712999999
Cn1c(=O)cnn(CCCCN2CCN(c3cccc4ccc(O[11CH3])cc34)CC2)c1=O,5.131003098
CN1CCCC[C@@H]1CCN1c2ccccc2Sc2ccc([S+](C)[O-])cc21,6.594739037999999
O=C1OC2(c3ccc(O)cc3Oc3cc(O)ccc32)c2ccc(N/C(S)=N\c3ccc(C4CNCCc5cc(O)c(O)cc54)cc3)cc21,5.0
OC[C@@H]1[C@@H]2CN(Cc3ccccc3)[C@@H](c3ccccc3)[C@@H]2[C@H]1N1CCCC1,4.657577319
CCN(CC)[C@@H]1[C@@H](CO)[C@H]2CN(Cc3ccccc3)[C@H](c3ccccc3)[C@H]21,4.37675071
CCCN1CCc2cccc3c2[C@H]1Cc1cccc(O)c1-3,5.663040215
COC(=O)c1cccnc1Oc1ccc(-c2c(C)n[nH]c(=O)c2C)c(C)c1,6.1152046360000005
CC[C@@H]1Cc2cc(O)ccc2C2=C1c1ccc(O)cc1C[C@H]2CC,5.034682252
NC(=O)c1ccc(OCC(O)CN2CC=C(c3ccc(F)cc3)CC2)cc1,4.758367615
CCCN(CCN1CCN(CCc2c[nH]c3ccccc23)CC1)c1ccc(Br)cc1,6.602059991
COc1cc2c(cc1OC)-c1c/c(=N\c3c(C)cc(C)cc3C)n(C)c(=O)n1CC2,4.7499998560000005
Oc1cc2c(cc1Br)CCNCC2c1ccccc1,8.387216143
CC(N)Cc1c[nH]c2ccc(O)cc12,5.179971592
CC[N+](C)(C)c1cccc(O)c1,5.636218847
c1ccc(Cc2ccccc2OCCN2CCN(c3ccccc3)CC2)cc1,5.829738285
CN1CCc2cc(Br)c(O)cc2C(c2ccc(N)cc2)C1,8.638272164
CN(C)S(=O)(=O)c1ccc2c(c1)/C(=C/c1cc3c([nH]1)CCCC3)C(=O)N2,4.899998417
Cc1cc(Oc2nccc(C)c2Cl)ccc1-c1c(C)ncc(=O)n1C,7.36251027
Fc1ccc(OCCCN2CCN(c3ccc(Cl)cc3)CC2)cc1,6.869666232
COc1ccccc1N1CCN(CCNC(=O)c2cnn3ccccc23)CC1,5.920818754
Cc1cc(Oc2ncccc2C2CC2)ccc1-c1c(C)ncc(=O)n1C,6.665546249
COc1ccc(NS(=O)(=O)c2sc3ccc(Cl)cc3c2C)cc1N1CCNCC1,6.920818754
O=c1[nH]c2cc(C(F)(F)F)ccc2n1-c1cc(C(F)(F)F)ccc1O,4.588587391
N#C/C(=C\c1ccc(O)c(O)c1)C(=O)NCCCNC(=O)/C(C#N)=C/c1ccc(O)c(O)c1,6.736127323
COc1ccccc1N1CCN(CC(O)CCNC(=O)c2cc3cc(F)ccc3[nH]2)CC1,5.2958494830000005
Cc1ncnc(C)c1-c1cc(F)c(Oc2nccc3[nH]ccc23)cc1F,7.261219442000001
Cc1c(-c2ccc(Oc3ncccc3C(F)(F)F)c3[nH]ccc23)n(C)c(=O)[nH]c1=O,7.88941029
CN(C)CCC=C1c2ccccc2CCc2ccccc21,6.397224013
CCCN1CCN(C2=Nc3cc(Cl)ccc3N(NC(=O)c3ccccc3Cl)c3ccccc32)CC1,7.585026652000001
CN1CCC(=C2c3ccccc3CC(=O)c3sccc32)CC1,6.026364227
Cc1cc(Oc2nccc3[nH]ccc23)ccc1-c1c(C)ncnc1C#N,7.406713933
Oc1cc2c(cc1Cl)CCN=C(C1CCCCC1)N2,6.54668166
CCCc1cc2c(s1)CN[C@@H]1CCc3cc(O)c(O)cc3[C@@H]21,7.630784143
CC1(c2cccc(O)c2)C(=O)Nc2cc(Cl)cc(Cl)c2C1=O,5.742321425
COc1ccc2c(c1OC)CN1CCc3cc4c(cc3[C@@H]1C2)OCO4,7.180456064
Oc1ccc2c(c1)O[C@@H](CNCc1ccccc1)CC2,5.173408565
CN(C)CCCc1cc(C(=O)Nc2ccc(-c3ccncc3)cc2)ccc1O,6.036212172999999
Cc1cc(Oc2ncccc2C(F)F)ccc1-c1c(C)n[nH]c(=O)c1C,7.286509457
COc1ccccc1N1CCN(CCCCCNC(=O)c2cc3ccccn3n2)CC1,5.853871964
Oc1cc2c(cc1O)[C@H]1c3cc4c(nc3CN[C@@H]1CC2)CCCC4,6.506541949
CN1CCC2C(C1)c1cccc3c1N2c1ccccc1CS3,7.599980365
CN1CCc2cc(Cl)c(O)cc2[C@H]2c3cccc(O)c3CC[C@@H]21,9.22184875
N#Cc1ccc(CCOC(=O)NC2CCN(CCCC(c3ccc(F)cc3)c3ccc(F)cc3)CC2)cc1,6.424812155
CN1CCc2cc(NCc3cccc(Cl)c3)c(O)cc2C(c2ccccc2)C1,6.557520231
CC#C[C@]1(O)CC[C@H]2[C@@H]3CCC4=CC(=O)CCC4=C3[C@@H](c3ccc(N(C)C)cc3)C[C@@]21C,5.935336144
COc1ccccc1N1CCN(CC(O)CCNC(=O)c2cc3cc(I)ccc3o2)CC1,5.432973634
CN1CCN(C2=Nc3cc(Cl)ccc3N(NC(=O)c3ccccc3F)c3ccccc32)CC1,7.920818754
Fc1ccc(CN2CCN(C3=Nc4cc(Cl)ccc4Nc4ccccc43)CC2)c(F)c1,6.078313525
NC[C@@H]1O[C@H](C23CC4CC(CC(C4)C2)C3)Cc2c1ccc(O)c2O,6.810549793
OC1(c2ccc(Cl)cc2)CCN(CCCOc2ccc(F)cc2)CC1,7.657577319
O=C1c2ccccc2CCN1CCCN1CCN(c2cccc(C(F)(F)F)c2)CC1,5.760000207
CC1(COc2ccc(CC3SC(=O)NC3=O)cc2)CCCCC1,4.828595365
CCCN1CCC[C@@H]2Cc3c(ccc(O)c3O)C[C@H]21,7.602059991
CCn1c(-c2ccc(Oc3ncccc3Cl)cc2C)c(C)c(=O)[nH]c1=O,7.236572006
c1ccc2c(N3CCN(CCc4ccc5[nH]cnc5c4)CC3)cccc2c1,5.400000186000001
CN1CCc2cc(NCc3ccccc3)c(O)cc2C(c2ccccc2)C1,6.177178355
CC(C)NCC(O)COc1ccc(CC(N)=O)cc1,6.786216701
CCCN(CCc1ccc(Nc2ccc([N+](=O)[O-])c3nonc23)cc1)[C@@H]1CCc2c(O)cccc2C1,5.431798276
COc1cc2c(cc1O)[C@@H]1Cc3c(CO)c(OC)cc(OC)c3CN1CC2,7.662274586
O=C1NC(=O)/C(=C/c2ccc(-c3ccc(F)cc3O)o2)S1,4.927592005
CN1CCN(C2=Nc3cc(Cl)ccc3N(NC(=O)c3ccc(C#N)cc3)c3ccccc32)CC1,7.167491087
O=C(Nc1cccc(C(=O)Nc2ccc(S(=O)(=O)O)c3cc(S(=O)(=O)O)cc(S(=O)(=O)O)c23)c1)Nc1cccc(C(=O)Nc2ccc(S(=O)(=O)O)c3cc(S(=O)(=O)O)cc(S(=O)(=O)O)c23)c1,4.727841497
COc1c(Cl)cc2c(c1Cl)Cc1ccccc1CCN(C)CC2,7.527975302000001
O=C(/C=C/c1ccc(O)c(O)c1)OCCc1ccccc1,4.650000221
Cc1cccc(-c2c(O)c(O)cc3c2CCN(C)CC3c2cccc(C)c2)c1,8.166852888
COc1c(OCCF)cccc1C(O)C1CCN(CCc2ccc(C)cc2)CC1,5.754734161
COc1cc2c(cc1O)[C@@H]1Cc3sc(CCCCl)cc3CN1CC2,7.113509275
CC1=C(/C=C/C(C)=C/C=C/C(C)=C/C(=O)Nc2ccc(O)cc2)C(C)(C)CCC1,5.265504203
CCCN1CCc2cc(-c3ccccc3)cc3c2[C@H]1Cc1ccc(O)c(O)c1-3,6.174573882000001
O=C(NN1c2ccc(Cl)cc2N=C(N2CCN(Cc3cccc(OC(F)(F)F)c3)CC2)c2ccccc21)c1ccccc1Cl,5.590404981
Cc1cc(Oc2nccc3n[nH]cc23)c(F)cc1-c1c(C)ncnc1C,6.928117993
CN1CCN(C2=Nc3cc(Cl)ccc3N(NC(=O)c3ccc4ccccc4c3)c3ccccc32)CC1,8.13076828
CC1CN(CCOc2ccccc2Cc2ccccc2)CCO1,5.775725986
COC(=O)C(N)Cc1ccc(Cl)cc1,5.386242721
S=C(Nc1ccccc1)Nc1nccs1,8.431798276
Ic1ccccc1CNC1C2CCN(CC2)C1C(c1ccccc1)c1ccccc1,4.8054653080000005
Cc1cc2c(cc1Cl)N(C(=O)Nc1ccc(Oc3cccnc3C)nc1)CC2,5.120399554
c1ccc2c(c1)CCN1CCc3[nH]c4ccccc4c3C21,5.677573947999999
CCCN1CCc2cccc3c2[C@H]1Cc1ccc(O)c(O)c1-3,6.231204708
C[N+](C)(C)CCCCCC[N+](C)(C)C,6.836242476000001
Cc1cnc2c(c1)[C@@H]1c3cc(O)c(O)cc3CC[C@H]1NC2,6.756961951
CN1CCc2cccc3c2[C@H]1Cc1cccc(O)c1-3,7.214670165
CN1CCOc2cc(O)ccc2Cc2ccccc2CC1,8.494850022
CN1CCN(C2=Nc3cc(Cl)ccc3N(NC(=O)c3ccccc3Oc3ccccc3)c3ccccc32)CC1,7.292429824
Cc1ncsc1CCCl,5.686238204
Fc1ccc(SCCCN2CCN(c3ncccn3)CC2)cc1,6.305394801
CN1CCc2cc(O)cc3c2[C@H]1Cc1ccc(O)c(O)c1-3,5.932606737
NC(C(=O)O)c1cc(O)no1,7.586700236
COc1cc(NC(=O)c2ccc(-c3ccc(Cl)cc3)o2)cc(OC)c1,5.15490196
C=CCN(C)C[C@@H]1OC(C2CCCCC2)Cc2c1ccc(O)c2O,6.187086643
COc1cccc(C2Cc3c(ccc(O)c3O)[C@H](CN)O2)c1,8.193820026000001
COc1ccc2c(c1O)-c1cccc3c1[C@@H](C2)N(C)CC3,5.235230015
CN1CCc2cc(OCCF)cc3c2[C@H]1Cc1cccc(O)c1-3,6.468521083
C[n+]1cc2c3c(ccc2c2ccc4cc5c(cc4c21)OCO5)OCO3,5.336214297
CC(Cc1ccc(O)c(O)c1)C(C)Cc1ccc(O)c(O)c1,5.053439666
CN1C[C@H](C(=O)N[C@]2(C)O[C@@]3(O)[C@@H]4CCCN4C(=O)[C@H](Cc4ccccc4)N3C2=O)C[C@@H]2c3cccc4[nH]cc(c34)C[C@H]21,5.587946217000001
FC(F)(F)c1ccc(OCCCN2CCN(c3ccccn3)CC2)cc1,5.630021086
COc1ccccc1N1CCN(CCCc2cn(-c3ccn4nccc4c3)nn2)CC1,5.769551079
COc1ccc2c(c1)CCN(C)CCCc1ccccc1C2,7.694863681
CN1CCN2c3ccccc3Cc3ccccc3C2C1,5.943829117000001
CN(C)C/C=C(/c1ccc(Br)cc1)c1cccnc1,5.119698148
Cc1[nH]c(=O)c(C#N)cc1-c1ccc2nccn2c1,5.486236545
CCCN1CCc2cccc3c2[C@H]1Cc1cccc(OC(=O)CC)c1-3,7.744727495
CN1CCN(C2=Nc3cc(Cl)ccc3N(NC(=O)c3c(N)cccc3C(F)(F)F)c3ccccc32)CC1,8.15490196
O=Cc1cnn2ccc(OCCCCN3CCN(c4cccc(Cl)c4Cl)CC3)cc12,6.0132282660000005
CCCN(CCc1ccc(N/C(S)=N/c2ccc3c(c2)C(=O)OC32c3ccc(O)cc3Oc3cc(O)ccc32)cc1)[C@@H]1CCc2c(O)cccc2C1,4.619788758
C=CCN1CCO[C@@H]2Cc3c(O)cccc3C[C@H]21,6.48148606
COc1ccc2c(c1)CCN1CC[C@@](O)(c3ccc(Cl)cc3)C[C@H]21,5.476253533
CN(C)C[C@H]1C[C@@H]2c3ccccc3Sc3ccc(F)cc3[C@H]2O1,7.657577319
CN(C)CCCN1c2ccccc2Sc2ccc(Cl)cc21,6.588178344
Cc1cccc(N)c1C(=O)NN1c2ccc(Cl)cc2N=C(N2CCN(C)CC2)c2ccccc21,8.305394801
OC1(c2ccc(Cl)cc2)CCN(CCCCc2ccc(F)cc2)CC1,6.886056647999999
OC1(c2ccc(Cl)cc2)CC2CCC(C1)N2CCCSc1ccccc1F,5.387958255
CC(CCc1ccc(O)cc1)NCCc1ccc(O)c(O)c1,5.745850873999999
COc1ccc(CCCN2CCC(CCC(=O)c3cc(Cl)c(N)c4c3OCCO4)CC2)cc1OC,5.0
Cc1cc2c(cc1Cl)N(C(=O)Nc1cccc3ncccc13)CC2,6.2160607070000005
CCCN1C[C@@H](Cn2cccn2)O[C@@H]2Cc3c(O)cccc3C[C@H]21,6.677780705
CN1CCN(C2=Nc3cc(Cl)ccc3N(NC(=O)c3cccc(C#N)c3)c3ccc(Cl)cc32)CC1,7.327902142
CN1Cc2sccc2C(c2ccc(O)c(O)c2)C1,6.802030632
O=C1c2ccccc2CCN1CCCCN1CCN(c2ccccn2)CC1,5.689999563
Cc1cc(Oc2ncc(Cl)cc2C)ccc1-c1c(C)c(=O)[nH]c(=O)n1C,7.03574037
Clc1ccc(COC(Cn2ccnc2)c2ccc(Cl)cc2Cl)cc1,5.159988055
O[C@@]1(c2ccc(Cl)cc2)C[C@@H]2CC[C@H](C1)N2Cc1c[nH]c2ccccc12,5.913640169
CC(C)(C)CN1CCN(C2=Nc3cc(Cl)ccc3N(NC(=O)c3ccccc3Cl)c3ccccc32)CC1,6.3496924770000005
CC[C@H](C)C(=O)O[C@H]1CCC=C2C=C[C@H](C)[C@H](CC[C@@H]3C[C@@H](O)CC(=O)O3)[C@H]21,5.386242721
COc1cc2c(cc1O)[C@@H]1Cc3sccc3CN1CC2,7.060580597
CC(C)(Oc1ccc(CCNC(=O)c2ccc(Cl)cc2)cc1)C(=O)O,5.186238927
Cc1cc(Oc2ncccc2I)ccc1-c1c(C)n[nH]c(=O)c1C,9.243363892
O=C1CC(CN2CCC(c3noc4cc(F)ccc34)CC2)Cc2[nH]ncc21,7.410050399
C[N+]1(C)CCC(OC(=O)C(c2ccccc2)c2ccccc2)CC1,6.586197482999999
CC(C)(C)[C@]1(O)CCN2C[C@H]3c4ccccc4CCc4cccc(c43)[C@@H]2C1,7.043255455
COc1cccc(C(=O)NN2c3ccc(Cl)cc3N=C(N3CCN(C)CC3)c3cc(Cl)ccc32)c1,7.356547324
Cn1ccc2cc3c(cc21)CCN3C(=O)Nc1cccnc1,5.233211769
CN1CCc2cc(Cl)c(O)cc2[C@H]2c3cccc(-c4cccs4)c3CC[C@@H]21,9.045757491
CN1CCc2cc(Cl)c(O)cc2[C@@H]2c3ccccc3CC[C@@H]21,6.274905479
CN1CCN(C2=Nc3cc(Cl)ccc3N(NC(=O)c3cc(F)c(F)c(F)c3F)c3ccccc32)CC1,7.494850022
CN(Cc1cnc2nc(N)nc(N)c2n1)c1ccc(C(=O)N[C@@H](CCC(=O)O)C(=O)O)cc1,5.336214297
COc1ccccc1CNN1c2ccc(Cl)cc2N=C(N2CCN(C)CC2)c2ccccc21,7.22184875
CCCCC1Cc2c(ccc(O)c2O)[C@H](CN)O1,8.200659451
c1ccc(Cn2cncc2CCNCC23CC(c4ccccc42)c2ccccc23)cc1,6.214670165
CCCCC1C(=O)N(c2ccccc2)N(c2ccccc2)C1=O,6.036259381
CCCN(CCc1ccc(N/C(S)=N/c2ccc3c(c2)C(=O)OC32c3ccc(O)cc3Oc3cc(O)ccc32)cc1)[C@H]1CCc2c(O)cccc2C1,6.585026652000001
COc1ccccc1N1CCN(C/C=C/CNC(=O)c2cc3ccccc3s2)CC1,6.168770306
O=C(CCCN1CCC(O)(c2cccc(C(F)(F)F)c2)CC1)c1ccc(F)cc1,5.1136371380000005
N#CC(C#N)=Cc1ccc(O)c(O)c1,5.636237641
NNCCc1ccccc1,7.286509457
CCC(CC)CN1CCN(C2=Nc3cc(Cl)ccc3N(NC(=O)c3ccccc3Cl)c3ccccc32)CC1,6.296708622000001
COc1cc2c(cc1O)[C@@H]1Cc3sc(CC4CC4)cc3CN1CC2,7.179076412000001
Cc1cc(Oc2ncccc2C2CC2)ccc1-c1c(C)cnc(=O)n1C,6.962573502000001
Clc1ccc(CO/N=C(\Cn2ccnc2)c2ccc(Cl)cc2Cl)c(Cl)c1,5.508351206
CCCCc1cnc2c(c1)[C@@H]1c3cc(O)c(O)cc3CC[C@H]1NC2,6.271646218
